Data,Ano,Mes,Dia,GHI_total_dia_Wh_m2,T2M_medio_C,60CEL_E_diaria_Wh,60CEL_E_diaria_kWh,60CEL_Pmax_W,60CEL_FatorCapacidade_pct,72CEL_E_diaria_Wh,72CEL_E_diaria_kWh,72CEL_Pmax_W,72CEL_FatorCapacidade_pct,MODERNO_E_diaria_Wh,MODERNO_E_diaria_kWh,MODERNO_Pmax_W,MODERNO_FatorCapacidade_pct
2025-05-01,2025,5,1,4163.87,23.3354166666667,1109.8947446316,1.1098947446316,172.56309975,0.128460039887917,1356.5380212164,1.3565380212164,210.91045525,0.128460039887917,2102.63393288542,2.10263393288542,326.9112056375,0.128460039887917
2025-05-02,2025,5,2,5056.57,23.4120833333333,1335.728293182,1.335728293182,187.174906758,0.15459818208125,1632.556802778,1.632556802778,228.769330482,0.15459818208125,2530.4630443059,2.5304630443059,354.5924622471,0.15459818208125
2025-05-03,2025,5,3,5613.18,22.4325,1471.5576454392,1.4715576454392,209.0704077936,0.170319171925833,1798.5704555368,1.7985704555368,255.5304984144,0.170319171925833,2787.78420608204,2.78778420608204,396.07227254232,0.170319171925833
2025-05-04,2025,5,4,5919.63,20.69875,1552.0642471548,1.5520642471548,221.130393174,0.179637065642917,1896.9674131892,1.8969674131892,270.270480546,0.179637065642917,2940.29949044326,2.94029949044326,418.9192448463,0.179637065642917
2025-05-05,2025,5,5,5665.31,20.8391666666667,1487.2382877276,1.4872382877276,213.074504982,0.172134061079583,1817.7356850004,1.8177356850004,260.424394978,0.172134061079583,2817.49031175062,2.81749031175062,403.6578122159,0.172134061079583
2025-05-06,2025,5,6,5504.41,22.2145833333333,1440.4919933772,1.4404919933772,209.6625888,0.166723610344583,1760.6013252388,1.7606013252388,256.2542752,0.166723610344583,2728.93205412014,2.72893205412014,397.19412656,0.166723610344583
2025-05-07,2025,5,7,5314.26,23.2641666666667,1399.4714543976,1.3994714543976,200.41660476,0.1619758627775,1710.4651109304,1.7104651109304,244.95362804,0.1619758627775,2651.22092194212,2.65122092194212,379.678123462,0.1619758627775
2025-05-08,2025,5,8,5674.97,22.4958333333333,1484.5119428844,1.4845119428844,212.497263,0.171818511907917,1814.4034857476,1.8144034857476,259.718877,0.171818511907917,2812.32540290878,2.81232540290878,402.56425935,0.171818511907917
2025-05-09,2025,5,9,5512.1,22.48125,1442.0953361088,1.4420953361088,207.7154273052,0.16690918242,1762.5609663552,1.7625609663552,253.8744111508,0.16690918242,2731.96949785056,2.73196949785056,393.50533728374,0.16690918242
2025-05-10,2025,5,10,5589.1,22.64,1458.8906592168,1.4588906592168,205.920696672,0.1688530855575,1783.0885834872,1.7830885834872,251.680851488,0.1688530855575,2763.78730440516,2.76378730440516,390.1053198064,0.1688530855575
2025-05-11,2025,5,11,5506.17,22.9495833333333,1435.1470333524,1.4351470333524,205.328481048,0.166104980712083,1754.0685963196,1.7540685963196,250.957032392,0.166104980712083,2718.80632429538,2.71880632429538,388.9834002076,0.166104980712083
2025-05-12,2025,5,12,5407.34,24.1204166666667,1409.4465253056,1.4094465253056,204.341751,0.163130384873333,1722.6568642624,1.7226568642624,249.751029,0.163130384873333,2670.11813960672,2.67011813960672,387.11409495,0.163130384873333
2025-05-13,2025,5,13,5286.78,22.3508333333333,1394.9409834072,1.3949409834072,202.841391456,0.161451502709167,1704.9278686088,1.7049278686088,247.917256224,0.161451502709167,2642.63819634364,2.64263819634364,384.2717471472,0.161451502709167
2025-05-14,2025,5,14,3823.73,21.205,1034.7080087628,1.0347080087628,159.4069917696,0.119757871384583,1264.6431218212,1.2646431218212,194.8307677184,0.119757871384583,1960.19683882286,1.96019683882286,301.98768996352,0.119757871384583
2025-05-15,2025,5,15,5292.63,20.2729166666667,1408.4562569148,1.4084562569148,196.301740896,0.16301577047625,1721.4465362292,1.7214465362292,239.924349984,0.16301577047625,2668.24213115526,2.66824213115526,371.8827424752,0.16301577047625
2025-05-16,2025,5,16,4897.3,20.7425,1304.1411260184,1.3041411260184,193.93079868,0.150942259955833,1593.9502651336,1.5939502651336,237.02653172,0.150942259955833,2470.62291095708,2.47062291095708,367.391124166,0.150942259955833
2025-05-17,2025,5,17,3440.28,20.995,934.8562999872,0.9348562999872,146.248661718,0.108200960646667,1142.6021444288,1.1426021444288,178.748364322,0.108200960646667,1771.03332386464,1.77103332386464,277.0599646991,0.108200960646667
2025-05-18,2025,5,18,5517.44,21.2729166666667,1453.8384494568,1.4538384494568,208.9564521408,0.1682683390575,1776.9136604472,1.7769136604472,255.3912192832,0.1682683390575,2754.21617369316,2.75421617369316,395.85638988896,0.1682683390575
2025-05-19,2025,5,19,5576.24,20.77375,1467.2848206816,1.4672848206816,209.93181543,0.169824632023333,1793.3481141664,1.7933481141664,256.58332997,0.169824632023333,2779.68957695792,2.77968957695792,397.7041614535,0.169824632023333
2025-05-20,2025,5,20,5526.26,20.30875,1455.2195870808,1.4552195870808,208.505795544,0.168428192949167,1778.6017175432,1.7786017175432,254.840416776,0.168428192949167,2756.83266219196,2.75683266219196,395.0026460028,0.168428192949167
2025-05-21,2025,5,21,5204.78,20.36375,1376.448473088,1.376448473088,199.509975126,0.159311165866667,1682.325911552,1.682325911552,243.845525154,0.159311165866667,2607.6051629056,2.6076051629056,377.9605639887,0.159311165866667
2025-05-22,2025,5,22,5030.02,21.0366666666667,1330.4158572528,1.3304158572528,196.155866214,0.153983316811667,1626.0638255312,1.6260638255312,239.746058706,0.153983316811667,2520.39892957336,2.52039892957336,371.6063909943,0.153983316811667
2025-05-23,2025,5,23,4619.03,21.7866666666667,1227.507423462,1.227507423462,188.98346439,0.14207261845625,1500.286850898,1.500286850898,230.97978981,0.14207261845625,2325.4446188919,2.3254446188919,358.0186742055,0.14207261845625
2025-05-24,2025,5,24,5035.08,22.5979166666667,1326.4573679712,1.3264573679712,195.0172803072,0.15352515833,1621.2256719648,1.6212256719648,238.3544537088,0.15352515833,2512.89979154544,2.51289979154544,369.44940324864,0.15352515833
2025-05-25,2025,5,25,5123,21.1075,1353.573234396,1.353573234396,200.5185871872,0.156663568795833,1654.367286484,1.654367286484,245.0782732288,0.156663568795833,2564.2692940502,2.5642692940502,379.87132350464,0.156663568795833
2025-05-26,2025,5,26,4831.02,20.84875,1284.3881660736,1.2843881660736,191.73748464,0.14865603774,1569.8077585344,1.5698077585344,234.34581456,0.14865603774,2433.20202572832,2.43320202572832,363.236012568,0.14865603774
2025-05-27,2025,5,27,4618.72,21.38875,1230.6576166776,1.2306576166776,192.9143043072,0.1424372241525,1504.1370870504,1.5041370870504,235.7841497088,0.1424372241525,2331.41248492812,2.33141248492812,365.46543204864,0.1424372241525
2025-05-28,2025,5,28,4149.55,21.6370833333333,1109.5863977412,1.1095863977412,169.4532358332,0.128424351590417,1356.1611527948,1.3561611527948,207.1095104628,0.128424351590417,2102.04978683194,2.10204978683194,321.01974121734,0.128424351590417
2025-05-29,2025,5,29,3894.47,20.1958333333333,1052.8011568188,1.0528011568188,158.6029492476,0.121851985742917,1286.7569694452,1.2867569694452,193.8480490804,0.121851985742917,1994.47330264006,1.99447330264006,300.46447607462,0.121851985742917
2025-05-30,2025,5,30,3974.86,18.9058333333333,1081.2382959456,1.0812382959456,176.7465101808,0.12514332129,1321.5134728224,1.3215134728224,216.0235124432,0.12514332129,2048.34588287472,2.04834588287472,334.83644428696,0.12514332129
2025-05-31,2025,5,31,4231.96,21.8583333333333,1128.259040256,1.128259040256,176.52910527,0.130585537066667,1378.983271424,1.378983271424,215.75779533,0.130585537066667,2137.4240707072,2.1374240707072,334.4245827615,0.130585537066667
2025-06-01,2025,6,1,4251.31,22.5629166666667,1136.537858034,1.136537858034,177.0788448,0.13154373356875,1389.101826486,1.389101826486,216.4296992,0.13154373356875,2153.1078310533,2.1531078310533,335.46603376,0.13154373356875
2025-06-02,2025,6,2,3619.43,22.29,981.5333176836,0.9815333176836,150.611014134,0.113603393250417,1199.6518327244,1.1996518327244,184.080128386,0.113603393250417,1859.46034072282,1.85946034072282,285.3241989983,0.113603393250417
2025-06-03,2025,6,3,4853.24,22.8241666666667,1282.0220664408,1.2820220664408,195.580963494,0.148382183615833,1566.9158589832,1.5669158589832,239.043399826,0.148382183615833,2428.71958142396,2.42871958142396,370.5172697303,0.148382183615833
2025-06-04,2025,6,4,4932.81,23.1945833333333,1296.8324945676,1.2968324945676,193.322594646,0.150096353537917,1585.0174933604,1.5850174933604,236.283171234,0.150096353537917,2456.77711470862,2.45677711470862,366.2389154127,0.150096353537917
2025-06-05,2025,6,5,4553.28,23.2329166666667,1203.1090732584,1.2031090732584,178.783450776,0.139248735330833,1470.4666450936,1.4704666450936,218.513106504,0.139248735330833,2279.22329989508,2.27922329989508,338.6953150812,0.139248735330833
2025-06-06,2025,6,6,4977.41,22.3116666666667,1307.4462401652,1.3074462401652,194.180770854,0.151324796315417,1597.9898490908,1.5979898490908,237.332053266,0.151324796315417,2476.88426609074,2.47688426609074,367.8646825623,0.151324796315417
2025-06-07,2025,6,7,5176,22.1295833333333,1355.7872800008,1.3557872800008,197.68111263,0.156919824074167,1657.0733422232,1.6570733422232,241.61024877,0.156919824074167,2568.46368044596,2.56846368044596,374.4958855935,0.156919824074167
2025-06-08,2025,6,8,4491.72,21.6320833333333,1191.706988904,1.191706988904,172.142775648,0.137929049641667,1456.530764216,1.456530764216,210.396725792,0.137929049641667,2257.6226845348,2.2576226845348,326.1149249776,0.137929049641667
2025-06-09,2025,6,9,4474.21,21.3345833333333,1189.5187244868,1.1895187244868,188.38001664,0.137675778297083,1453.8562188172,1.4538562188172,230.24224256,0.137675778297083,2253.47713916666,2.25347713916666,356.875475968,0.137675778297083
2025-06-10,2025,6,10,4185.83,20.715,1119.9236493636,1.1199236493636,178.4814812928,0.129620792750417,1368.7955714444,1.3687955714444,218.1440326912,0.129620792750417,2121.63313573882,2.12163313573882,338.12325067136,0.129620792750417
2025-06-11,2025,6,11,4891.88,20.52375,1298.665426176,1.298665426176,191.5700339484,0.1503084984,1587.257743104,1.587257743104,234.1411526036,0.1503084984,2460.2495018112,2.4602495018112,362.91878653558,0.1503084984
2025-06-12,2025,6,12,4976.28,19.1725,1322.018187588,1.322018187588,195.795047448,0.153011364304167,1615.800007052,1.615800007052,239.305057992,0.153011364304167,2504.4900109306,2.5044900109306,370.9228398876,0.153011364304167
2025-06-13,2025,6,13,4883.79,19.0341666666667,1305.1424945844,1.3051424945844,196.9902703728,0.151058159095417,1595.1741600476,1.5951741600476,240.7658860112,0.151058159095417,2472.51994807378,2.47251994807378,373.18712331736,0.151058159095417
2025-06-14,2025,6,14,5066.43,19.7366666666667,1352.2161053124,1.3522161053124,199.2409256124,0.156506493670417,1652.7085731596,1.6527085731596,243.5166868596,0.156506493670417,2561.69828839738,2.56169828839738,377.45086463238,0.156506493670417
2025-06-15,2025,6,15,4881.4,19.8383333333333,1303.8391756728,1.3038391756728,187.0881997824,0.150907311999167,1593.5812147112,1.5935812147112,228.6633552896,0.150907311999167,2470.05088280236,2.47005088280236,354.42820069888,0.150907311999167
2025-06-16,2025,6,16,4476.93,19.34375,1205.6590943244,1.2056590943244,170.287883766,0.139543876657917,1473.5833375076,1.4735833375076,208.129635714,0.139543876657917,2284.05417313678,2.28405417313678,322.6009353567,0.139543876657917
2025-06-17,2025,6,17,5093.87,18.4129166666667,1361.020032486,1.361020032486,199.7676835056,0.157525466722917,1663.468928594,1.663468928594,244.1605020624,0.157525466722917,2578.3768393207,2.5783768393207,378.44877819672,0.157525466722917
2025-06-18,2025,6,18,4773.39,19.56625,1279.49286267,1.27949286267,193.229137368,0.148089451697917,1563.82460993,1.56382460993,236.168945672,0.148089451697917,2423.9281453915,2.4239281453915,366.0618657916,0.148089451697917
2025-06-19,2025,6,19,4317.33,20.1079166666667,1156.7537597988,1.1567537597988,192.030822054,0.13388353701375,1413.8101508652,1.4138101508652,234.704338066,0.13388353701375,2191.40573384106,2.19140573384106,363.7917240023,0.13388353701375
2025-06-20,2025,6,20,4466.74,20.28875,1193.4612467136,1.1934612467136,193.78144863,0.13813208874,1458.6748570944,1.4586748570944,236.84399277,0.13813208874,2260.94602849632,2.26094602849632,367.1081887935,0.13813208874
2025-06-21,2025,6,21,4849.15,20.82,1284.7501842588,1.2847501842588,188.0092041984,0.148697937992917,1570.2502252052,1.5702502252052,229.7890273536,0.148697937992917,2433.88784906806,2.43388784906806,356.17299239808,0.148697937992917
2025-06-22,2025,6,22,5112.32,22.1941666666667,1345.1336626032,1.3451336626032,196.791673158,0.155686766505,1644.0522542928,1.6440522542928,240.523156082,0.155686766505,2548.28099415384,2.54828099415384,372.8108919271,0.155686766505
2025-06-23,2025,6,23,4836.8,22.5016666666667,1273.7253309408,1.2737253309408,192.0056758128,0.147421913303333,1556.7754044832,1.5567754044832,234.6736037712,0.147421913303333,2413.00187694896,2.41300187694896,363.74408584536,0.147421913303333
2025-06-24,2025,6,24,2869.54,20.4666666666667,788.7573356112,0.7887573356112,150.843368502,0.0912913582883333,964.0367435248,0.9640367435248,184.364117058,0.0912913582883333,1494.25695246344,1.49425695246344,285.7643814399,0.0912913582883333
2025-06-25,2025,6,25,4212.23,19.5320833333333,1122.84833211,1.12284833211,182.193300864,0.129959297697917,1372.37018369,1.37237018369,222.680701056,0.129959297697917,2127.1737847195,2.1271737847195,345.1550866368,0.129959297697917
2025-06-26,2025,6,26,5020.18,21.37875,1329.7698595656,1.3297698595656,195.2644327452,0.153908548560833,1625.2742728024,1.6252742728024,238.6565289108,0.153908548560833,2519.17512284372,2.51917512284372,369.91761981174,0.153908548560833
2025-06-27,2025,6,27,5142.5,21.4808333333333,1354.0803154488,1.3540803154488,198.082072134,0.1567222587325,1654.9870522152,1.6549870522152,242.100310386,0.1567222587325,2565.22993093356,2.56522993093356,375.2554810983,0.1567222587325
2025-06-28,2025,6,28,5209.32,21.12125,1373.5326917016,1.3735326917016,199.08707319,0.158973691169167,1678.7621787464,1.6787621787464,243.32864501,0.158973691169167,2602.08137705692,2.60208137705692,377.1593997655,0.158973691169167
2025-06-29,2025,6,29,5081.28,21.075,1340.8099712424,1.3408099712424,198.2642170716,0.155186339264167,1638.7677426296,1.6387677426296,242.3229319764,0.155186339264167,2540.09000107588,2.54009000107588,375.60054456342,0.155186339264167
2025-06-30,2025,6,30,5020.45,21.2104166666667,1326.6905235084,1.3266905235084,193.7019409344,0.153552143924583,1621.5106398436,1.6215106398436,236.7468166976,0.153552143924583,2513.34149175758,2.51334149175758,366.95756588128,0.153552143924583
2025-07-01,2025,7,1,5183.93,21.0341666666667,1363.7366872884,1.3637366872884,199.9101550716,0.157839894362083,1666.7892844636,1.6667892844636,244.3346339764,0.157839894362083,2583.52339091858,2.58352339091858,378.71868266342,0.157839894362083
2025-07-02,2025,7,2,5113.65,20.385,1351.0229685012,1.3510229685012,198.551721942,0.156368399132083,1651.2502948348,1.6512502948348,242.674326818,0.156368399132083,2559.43795699394,2.55943795699394,376.1452065679,0.156368399132083
2025-07-03,2025,7,3,5119.14,20.1870833333333,1359.5384301624,1.3595384301624,199.029386934,0.1573539849725,1661.6580813096,1.6616580813096,243.258139586,0.1573539849725,2575.57002602988,2.57557002602988,377.0501163583,0.1573539849725
2025-07-04,2025,7,4,5208.96,19.53375,1384.3743130152,1.3843743130152,201.2408667504,0.160228508450833,1692.0130492408,1.6920130492408,245.9610593616,0.160228508450833,2622.62022632324,2.62262022632324,381.23964201048,0.160228508450833
2025-07-05,2025,7,5,5068.82,19.0341666666667,1353.365188128,1.353365188128,198.09453231,0.156639489366667,1654.113007712,1.654113007712,242.11553949,0.156639489366667,2563.8751619536,2.5638751619536,375.2790862095,0.156639489366667
2025-07-06,2025,7,6,5094.81,19.4241666666667,1355.3926588332,1.3553926588332,195.0879664368,0.156874150327917,1656.5910274628,1.6565910274628,238.4408478672,0.156874150327917,2567.71609256734,2.56771609256734,369.58331419416,0.156874150327917
2025-07-07,2025,7,7,5311.56,20.0275,1402.328185848,1.402328185848,203.935743,0.162306502991667,1713.956671592,1.713956671592,249.254797,0.162306502991667,2656.6328409676,2.6566328409676,386.34493535,0.162306502991667
2025-07-08,2025,7,8,5091.89,20.4683333333333,1347.5797677396,1.3475797677396,193.8309804144,0.155969880525417,1647.0419383484,1.6470419383484,236.9045316176,0.155969880525417,2552.91500444002,2.55291500444002,367.20202400728,0.155969880525417
2025-07-09,2025,7,9,4856.76,20.7741666666667,1289.117246472,1.289117246472,196.8435376092,0.149203385008333,1575.587745688,1.575587745688,240.5865459668,0.149203385008333,2442.1610058164,2.4421610058164,372.90914624854,0.149203385008333
2025-07-10,2025,7,10,4942.41,20.02125,1316.728549926,1.316728549926,200.8062581184,0.152399137722917,1609.334894354,1.609334894354,245.4298710336,0.152399137722917,2494.4690862487,2.4944690862487,380.41630010208,0.152399137722917
2025-07-11,2025,7,11,3792,19.2345833333333,1033.6998397248,1.0336998397248,164.704864518,0.119641185153333,1263.4109152192,1.2634109152192,201.305945522,0.119641185153333,1958.28691858976,1.95828691858976,312.0242155591,0.119641185153333
2025-07-12,2025,7,12,4374.52,19.0858333333333,1183.1861745432,1.1831861745432,177.3429537852,0.136942844275833,1446.1164355528,1.4461164355528,216.7524990708,0.136942844275833,2241.48047510684,2.24148047510684,335.96637355974,0.136942844275833
2025-07-13,2025,7,13,3636.45,19.3383333333333,992.9973258972,0.9929973258972,172.024101216,0.114930246052917,1213.6633983188,1.2136633983188,210.251679264,0.114930246052917,1881.17826739414,1.88117826739414,325.8901028592,0.114930246052917
2025-07-14,2025,7,14,4274.37,19.7620833333333,1153.0848632796,1.1530848632796,167.677086816,0.133458896212917,1409.3259440084,1.4093259440084,204.938661664,0.133458896212917,2184.45521321302,2.18445521321302,317.6549255792,0.133458896212917
2025-07-15,2025,7,15,5237.44,19.7370833333333,1389.682191528,1.389682191528,202.621310838,0.160842846241667,1698.500456312,1.698500456312,247.648268802,0.160842846241667,2632.6757072836,2.6326757072836,383.8548166431,0.160842846241667
2025-07-16,2025,7,16,5347.26,20.2366666666667,1409.6095551648,1.4096095551648,203.916455424,0.16314925407,1722.8561229792,1.7228561229792,249.231223296,0.16314925407,2670.42699061776,2.67042699061776,386.3083961088,0.16314925407
2025-07-17,2025,7,17,5359.32,20.3379166666667,1412.8189017984,1.4128189017984,206.0254854,0.163520706226667,1726.7786577536,1.7267786577536,251.8089266,0.163520706226667,2676.50691951808,2.67650691951808,390.30383623,0.163520706226667
2025-07-18,2025,7,18,4909.87,20.5608333333333,1297.2687013764,1.2972687013764,204.2334139248,0.150146840437083,1585.5506350156,1.5855506350156,249.6186170192,0.150146840437083,2457.60348427418,2.45760348427418,386.90885637976,0.150146840437083
2025-07-19,2025,7,19,4980.02,20.4495833333333,1316.6634094776,1.3166634094776,191.1408325488,0.152391598319167,1609.2552782504,1.6092552782504,233.6165731152,0.152391598319167,2494.34568128812,2.49434568128812,362.10568832856,0.152391598319167
2025-07-20,2025,7,20,5359.6,21.2466666666667,1402.0017075,1.4020017075,203.32439127,0.162268716145833,1713.5576425,1.7135576425,248.50758933,0.162268716145833,2656.014345875,2.656014345875,385.1867634615,0.162268716145833
2025-07-21,2025,7,21,5287.99,22.44,1380.9867229116,1.3809867229116,203.2816885884,0.159836426262917,1687.8726613364,1.6878726613364,248.4553971636,0.159836426262917,2616.20262507142,2.61620262507142,385.10586560358,0.159836426262917
2025-07-22,2025,7,22,5287.63,23.4075,1379.9223660636,1.3799223660636,203.195103606,0.159713236812917,1686.5717807444,1.6865717807444,248.349571074,0.159713236812917,2614.18626015382,2.61418626015382,384.9418351647,0.159713236812917
2025-07-23,2025,7,23,5362.57,22.8491666666667,1396.8889646076,1.3968889646076,203.591580678,0.16167696349625,1707.3087345204,1.7073087345204,248.834154162,0.16167696349625,2646.32853850662,2.64632853850662,385.6929389511,0.16167696349625
2025-07-24,2025,7,24,5499.21,22.7808333333333,1428.8036418324,1.4288036418324,205.7783017788,0.16537079187875,1746.3155622396,1.7463155622396,251.5068132852,0.16537079187875,2706.78912147138,2.70678912147138,389.83556059206,0.16537079187875
2025-07-25,2025,7,25,5264.78,23.68875,1370.8556782056,1.3708556782056,204.07735935,0.158663851644167,1675.4902733624,1.6754902733624,249.42788365,0.158663851644167,2597.00992371172,2.59700992371172,386.6132196575,0.158663851644167
2025-07-26,2025,7,26,5209.82,24.3779166666667,1356.8284987416,1.3568284987416,198.05495535,0.1570403355025,1658.3459429064,1.6583459429064,242.06716765,0.1570403355025,2570.43621150492,2.57043621150492,375.2041098575,0.1570403355025
2025-07-27,2025,7,27,5418.99,23.72,1409.035010058,1.409035010058,204.9947244288,0.16308275579375,1722.153901182,1.722153901182,250.5491076352,0.16308275579375,2669.3385468321,2.6693385468321,388.35111683456,0.16308275579375
2025-07-28,2025,7,28,5072.86,22.3291666666667,1335.8493134424,1.3358493134424,196.427789784,0.154612189055833,1632.7047164296,1.6327047164296,240.078409736,0.154612189055833,2530.69231046588,2.53069231046588,372.1215350908,0.154612189055833
2025-07-29,2025,7,29,5222.98,22.4508333333333,1374.7746528072,1.3747746528072,203.6730508092,0.1591174366675,1680.2801312088,1.6802801312088,248.9337287668,0.1591174366675,2604.43420337364,2.60443420337364,385.84727958854,0.1591174366675
2025-07-30,2025,7,30,5673.85,20.64375,1488.5776387044,1.4885776387044,212.29464807,0.17228907855375,1819.3726695276,1.8193726695276,259.47123653,0.17228907855375,2820.02763776778,2.82002763776778,402.1804166215,0.17228907855375
2025-07-31,2025,7,31,4869.81,21.6904166666667,1285.6870387044,1.2856870387044,181.8477893232,0.148806370220417,1571.3952695276,1.5713952695276,222.2584091728,0.148806370220417,2435.66266776778,2.43566266776778,344.50053421784,0.148806370220417
2025-08-01,2025,8,1,5558.62,22.505,1450.6267040136,1.4506267040136,210.391231302,0.167896609260833,1772.9881937944,1.7729881937944,257.144838258,0.167896609260833,2748.13170038132,2.74813170038132,398.5744992999,0.167896609260833
2025-08-02,2025,8,2,5802.84,21.4295833333333,1518.2439183864,1.5182439183864,217.823101398,0.175722675739167,1855.6314558056,1.8556314558056,266.228235042,0.175722675739167,2876.22875649868,2.87622875649868,412.6537643151,0.175722675739167
2025-08-03,2025,8,3,5791.45,20.4275,1517.0276695788,1.5170276695788,219.3429486528,0.17558190620125,1854.1449294852,1.8541449294852,268.0858261312,0.17558190620125,2873.92464070206,2.87392464070206,415.53303050336,0.17558190620125
2025-08-04,2025,8,4,4959.33,20.8354166666667,1312.5651665724,1.3125651665724,193.527091296,0.151917264649583,1604.2463146996,1.6042463146996,236.533111584,0.151917264649583,2486.58178778438,2.48658178778438,366.6263229552,0.151917264649583
2025-08-05,2025,8,5,2947.81,20.3729166666667,814.1492559852,0.8141492559852,115.6639817664,0.09423023796125,995.0713128708,0.9950713128708,141.3670888256,0.09423023796125,1542.36053494974,1.54236053494974,219.11898767968,0.09423023796125
2025-08-06,2025,8,6,5141.7,21.8141666666667,1353.622672476,1.353622672476,207.9563814,0.156669290795833,1654.427710804,1.654427710804,254.1689106,0.156669290795833,2564.3629517462,2.5643629517462,393.96181143,0.156669290795833
2025-08-07,2025,8,7,5198.62,23.78125,1357.7599908072,1.3577599908072,200.296299942,0.157148147084167,1659.4844332088,1.6594844332088,244.806588818,0.157148147084167,2572.20087147364,2.57220087147364,379.4502126679,0.157148147084167
2025-08-08,2025,8,8,4824.23,23.90625,1271.4265423116,1.2714265423116,191.688314022,0.147155849804583,1553.9657739364,1.5539657739364,234.285717138,0.147155849804583,2408.64694960142,2.40864694960142,363.1428615639,0.147155849804583
2025-08-09,2025,8,9,5277.47,21.1416666666667,1395.7009387164,1.3957009387164,216.2074309596,0.161539460499583,1705.8567028756,1.7058567028756,264.2535267284,0.161539460499583,2644.07788945718,2.64407788945718,409.59296642902,0.161539460499583
2025-08-10,2025,8,10,6069.94,19.4941666666667,1593.6361790184,1.5936361790184,222.40520028,0.184448631830833,1947.7775521336,1.9477775521336,271.82857812,0.184448631830833,3019.05520580708,3.01905520580708,421.334296086,0.184448631830833
2025-08-11,2025,8,11,6179.94,18.6704166666667,1622.3446018728,1.6223446018728,226.0078158204,0.1877713659575,1982.8656245112,1.9828656245112,276.2317748916,0.1877713659575,3073.44171799236,3.07344171799236,428.15925108198,0.1877713659575
2025-08-12,2025,8,12,6214.95,17.9466666666667,1627.4076781932,1.6274076781932,226.54268784,0.18835737016125,1989.0538289028,1.9890538289028,276.88550736,0.18835737016125,3083.03343479934,3.08303343479934,429.172536408,0.18835737016125
2025-08-13,2025,8,13,5937.63,20.7316666666667,1537.1255189484,1.5371255189484,220.7106300672,0.177908046174583,1878.7089676036,1.8787089676036,269.7574367488,0.177908046174583,2911.99889978558,2.91199889978558,418.12402696064,0.177908046174583
2025-08-14,2025,8,14,5569.46,23.0458333333333,1446.5422291104,1.4465422291104,205.516694646,0.16742386911,1767.9960578016,1.7679960578016,251.187071234,0.16742386911,2740.39388959248,2.74039388959248,389.3399604127,0.16742386911
2025-08-15,2025,8,15,5660.28,24.8604166666667,1463.214538692,1.463214538692,214.335022104,0.169353534570833,1788.373325068,1.788373325068,261.965027016,0.169353534570833,2771.9786538554,2.7719786538554,406.0457918748,0.169353534570833
2025-08-16,2025,8,16,6060.97,23.8225,1565.8166642004,1.5658166642004,222.277831542,0.18122878057875,1913.7759229116,1.9137759229116,271.672905218,0.18122878057875,2966.35268051298,2.96635268051298,421.0930030879,0.18122878057875
2025-08-17,2025,8,17,6067.42,23.3020833333333,1569.3584120424,1.5693584120424,222.4758082032,0.1816387050975,1918.1047258296,1.9181047258296,271.9148766928,0.1816387050975,2973.06232503588,2.97306232503588,421.46805887384,0.1816387050975
2025-08-18,2025,8,18,6304.18,23.47625,1619.1512411832,1.6191512411832,224.855961174,0.187401764025833,1978.9626281128,1.9789626281128,274.823952546,0.187401764025833,3067.39207357484,3.06739207357484,425.9771264463,0.187401764025833
2025-08-19,2025,8,19,6260.53,23.93125,1607.6968432092,1.6076968432092,223.02481788,0.186076023519583,1964.9628083668,1.9649628083668,272.58588852,0.186076023519583,3045.69235296854,3.04569235296854,422.508127206,0.186076023519583
2025-08-20,2025,8,20,5662.52,24.2458333333333,1460.5086050136,1.4605086050136,218.28846303,0.1690403478025,1785.0660727944,1.7850660727944,266.79701037,0.1690403478025,2766.85241283132,2.76685241283132,413.5353660735,0.1690403478025
2025-08-21,2025,8,21,6195.31,24.4258333333333,1587.6720764388,1.5876720764388,224.10491103,0.183758342180417,1940.4880934252,1.9404880934252,273.90600237,0.183758342180417,3007.75654480906,3.00775654480906,424.5543036735,0.183758342180417
2025-08-22,2025,8,22,6419.59,23.5191666666667,1642.7927309436,1.6427927309436,228.0039622812,0.190138047562917,2007.8577822644,2.0078577822644,278.6715094548,0.190138047562917,3112.17956250982,3.11217956250982,431.94083965494,0.190138047562917
2025-08-23,2025,8,23,5514.51,23.9875,1425.102445314,1.425102445314,200.523248982,0.164942412652083,1741.791877606,1.741791877606,245.083970978,0.164942412652083,2699.7774102893,2.6997774102893,379.8801550159,0.164942412652083
2025-08-24,2025,8,24,6356.31,24.2716666666667,1623.7061654868,1.6237061654868,226.701421056,0.18792895433875,1984.5297578172,1.9845297578172,277.079514624,0.18792895433875,3076.02112461666,3.07602112461666,429.4732476672,0.18792895433875
2025-08-25,2025,8,25,6025.7,24.8916666666667,1546.201702476,1.546201702476,225.3344192496,0.178958530379167,1889.802080804,1.889802080804,275.4087346384,0.178958530379167,2929.1932252462,2.9291932252462,426.88353868952,0.178958530379167
2025-08-26,2025,8,26,6454.92,24.8466666666667,1647.0417762,1.6470417762,228.013077528,0.190629835208333,2013.0510598,2.0130510598,278.682650312,0.190629835208333,3120.22914269,3.12022914269,431.9581079836,0.190629835208333
2025-08-27,2025,8,27,5694.48,25.6025,1465.0188211584,1.4650188211584,219.318137622,0.16956236356,1790.5785591936,1.7905785591936,268.055501538,0.16956236356,2775.39676675008,2.77539676675008,415.4860273839,0.16956236356
2025-08-28,2025,8,28,5924.83,26.3433333333333,1520.45020665,1.52045020665,218.72750463,0.175978033177083,1858.32803035,1.85832803035,267.33361677,0.175978033177083,2880.4084470425,2.8804084470425,414.3671059935,0.175978033177083
2025-08-29,2025,8,29,5382.74,25.4645833333333,1392.1127926488,1.3921127926488,226.8150676848,0.161124165815833,1701.4711910152,1.7014711910152,277.2184160592,0.161124165815833,2637.28034607356,2.63728034607356,429.68854489176,0.161124165815833
2025-08-30,2025,8,30,4886.59,24.3679166666667,1286.7486474564,1.2867486474564,181.012676022,0.14892924160375,1572.6927913356,1.5726927913356,221.237715138,0.14892924160375,2437.67382657018,2.43767382657018,342.9184584639,0.14892924160375
2025-08-31,2025,8,31,6272.28,24.4729166666667,1617.2388212256,1.6172388212256,226.558437894,0.187180419123333,1976.6252259424,1.9766252259424,276.904757426,0.187180419123333,3063.76910021072,3.06376910021072,429.2023740103,0.187180419123333
2025-09-01,2025,9,1,6027.28,24.6566666666667,1556.3409356376,1.5563409356376,227.8313945712,0.180132052735833,1902.1944768904,1.9021944768904,278.4605933648,0.180132052735833,2948.40143918012,2.94840143918012,431.61391971544,0.180132052735833
2025-09-02,2025,9,2,6514.77,23.93625,1680.0806700684,1.6800806700684,232.2443289024,0.194453781257917,2053.4319300836,2.0534319300836,283.8541797696,0.194453781257917,3182.81949162958,3.18281949162958,439.97397864288,0.194453781257917
2025-09-03,2025,9,3,6151.96,23.2245833333333,1599.5189586096,1.5995189586096,230.502862854,0.185129509098333,1954.9676160784,1.9549676160784,281.725721266,0.185129509098333,3030.19980492152,3.03019980492152,436.6748679623,0.185129509098333
2025-09-04,2025,9,4,5519.65,23.4058333333333,1445.1980526756,1.4451980526756,229.015352664,0.16726829313375,1766.3531754924,1.7663531754924,279.907653256,0.16726829313375,2737.84742201322,2.73784742201322,433.8568625468,0.16726829313375
2025-09-05,2025,9,5,5628.18,24.6820833333333,1465.0047660744,1.4650047660744,211.451838336,0.169560736814167,1790.5613807576,1.7905613807576,258.441135744,0.169560736814167,2775.37014017428,2.77537014017428,400.5837604032,0.169560736814167
2025-09-06,2025,9,6,6460.44,25.6916666666667,1648.1107922256,1.6481107922256,228.639464856,0.190753563915,2014.3576349424,2.0143576349424,279.448234824,0.190753563915,3122.25433416072,3.12225433416072,433.1447639772,0.190753563915
2025-09-07,2025,9,7,6910.76,25.8095833333333,1745.534077884,1.745534077884,236.342673414,0.2020294071625,2133.430539636,2.133430539636,288.863267506,0.2020294071625,3306.8173364358,3.3068173364358,447.7380646343,0.2020294071625
2025-09-08,2025,9,8,6944.68,25.3054166666667,1758.6312923088,1.7586312923088,236.58051312,0.203545288461667,2149.4382461552,2.1494382461552,289.15396048,0.203545288461667,3331.62928154056,3.33162928154056,448.188638744,0.203545288461667
2025-09-09,2025,9,9,6605.44,26.0245833333333,1666.0328945328,1.6660328945328,230.884550694,0.192827881311667,2036.2624266512,2.0362624266512,282.192228626,0.192827881311667,3156.20676130936,3.15620676130936,437.3979543703,0.192827881311667
2025-09-10,2025,9,10,6142.77,26.21125,1565.6572205172,1.5656572205172,225.182960262,0.18121032644875,1913.5810472988,1.9135810472988,275.223618098,0.18121032644875,2966.05062331314,2.96605062331314,426.5966080519,0.18121032644875
2025-09-11,2025,9,11,6899.67,25.90125,1734.087073266,1.734087073266,234.80760951,0.20070452236875,2119.439756214,2.119439756214,286.98707829,0.20070452236875,3285.1316221317,3.2851316221317,444.8299713495,0.20070452236875
2025-09-12,2025,9,12,6662.03,25.94625,1676.7757513764,1.6767757513764,231.525557784,0.194071267520417,2049.3925850156,2.0493925850156,282.975681736,0.194071267520417,3176.55850677418,3.17655850677418,438.6123066908,0.194071267520417
2025-09-13,2025,9,13,5820.73,26.5,1479.0262767876,1.4790262767876,221.26516956,0.171183596850417,1807.6987827404,1.8076987827404,270.43520724,0.171183596850417,2801.93311324762,2.80193311324762,419.174571222,0.171183596850417
2025-09-14,2025,9,14,5755.16,26.7520833333333,1466.1717490512,1.4661717490512,229.936701312,0.169695804288333,1791.9876932848,1.7919876932848,281.033746048,0.169695804288333,2777.58092459144,2.77758092459144,435.6023063744,0.169695804288333
2025-09-15,2025,9,15,5578.67,28.8004166666667,1425.0990541932,1.4250990541932,220.841983512,0.16494202016125,1741.7877329028,1.7417877329028,269.917979848,0.16494202016125,2699.77098599934,2.69977098599934,418.3728687644,0.16494202016125
2025-09-16,2025,9,16,5461.75,28.7075,1399.3323742908,1.3993323742908,223.7076982512,0.161959765542917,1710.2951241332,1.7102951241332,273.4205200848,0.161959765542917,2650.95744240646,2.65095744240646,423.80180613144,0.161959765542917
2025-09-17,2025,9,17,3855.81,28.4741666666667,1016.456267574,1.016456267574,151.99233372,0.117645401339583,1242.335438146,1.242335438146,185.76840788,0.117645401339583,1925.6199291263,1.9256199291263,287.941032214,0.117645401339583
2025-09-18,2025,9,18,5133.54,27.9558333333333,1326.9865152456,1.3269865152456,217.5915059136,0.1535864022275,1621.8724075224,1.6218724075224,265.9451738944,0.1535864022275,2513.90223165972,2.51390223165972,412.21501953632,0.1535864022275
2025-09-19,2025,9,19,4488.12,26.9479166666667,1174.8669626736,1.1748669626736,200.34820071,0.135979972531667,1435.9485099344,1.4359485099344,244.87002309,0.135979972531667,2225.72019039832,2.22572019039832,379.5485357895,0.135979972531667
2025-09-20,2025,9,20,5740.48,25.5295833333333,1475.2137072672,1.4752137072672,236.1281530608,0.17074232723,1803.0389755488,1.8030389755488,288.6010759632,0.17074232723,2794.71041210064,2.79471041210064,447.33166774296,0.17074232723
2025-09-21,2025,9,21,5890.66,27.0333333333333,1501.0114910976,1.5010114910976,219.566604312,0.17372818184,1834.5696002304,1.8345696002304,268.359183048,0.17372818184,2843.58288035712,2.84358288035712,415.9567337244,0.17372818184
2025-09-22,2025,9,22,3262.47,27.3408333333333,873.33749019,0.87333749019,134.2011920832,0.10108072803125,1067.41248801,1.06741248801,164.0236792128,0.10108072803125,1654.4893564155,1.6544893564155,254.23670277984,0.10108072803125
2025-09-23,2025,9,23,5640.14,26.4008333333333,1448.179593336,1.448179593336,226.30728807,0.167613378858333,1769.997280744,1.769997280744,276.59779653,0.167613378858333,2743.4957851532,2.7434957851532,428.7265846215,0.167613378858333
2025-09-24,2025,9,24,2576.29,26.45125,699.3132017076,0.6993132017076,90.270892422,0.0809390279754167,854.7161354204,0.8547161354204,110.331090738,0.0809390279754167,1324.81000990162,1.32481000990162,171.0131906439,0.0809390279754167
2025-09-25,2025,9,25,6304.64,25.53125,1620.6820695072,1.6206820695072,224.43851223,0.18757894323,1980.8336405088,1.9808336405088,274.31373717,0.18757894323,3070.29214278864,3.07029214278864,425.1862926135,0.18757894323
2025-09-26,2025,9,26,6549.91,23.74625,1685.9738096964,1.6859738096964,247.957008768,0.19513585760375,2060.6346562956,2.0606346562956,303.058566272,0.19513585760375,3193.98371725818,3.19398371725818,469.7407777216,0.19513585760375
2025-09-27,2025,9,27,7325.55,23.57875,1870.9955347716,1.8709955347716,249.278260806,0.216550409117083,2286.7723202764,2.2867723202764,304.673429874,0.216550409117083,3544.49709642842,3.54449709642842,472.2438163047,0.216550409117083
2025-09-28,2025,9,28,7443.8,24.44875,1882.7589042504,1.8827589042504,249.6944299248,0.217911910214167,2301.1497718616,2.3011497718616,305.1820810192,0.217911910214167,3566.78214638548,3.56678214638548,473.03222557976,0.217911910214167
2025-09-29,2025,9,29,7647.08,25.6666666666667,1912.485092436,1.912485092436,249.1778784924,0.221352441254167,2337.481779644,2.337481779644,304.5507403796,0.221352441254167,3623.0967584482,3.6230967584482,472.05364758838,0.221352441254167
2025-09-30,2025,9,30,7704.36,26.71125,1916.0825435352,1.9160825435352,250.4500619292,0.221768812909167,2341.8786643208,2.3418786643208,306.1056312468,0.221768812909167,3629.91192969724,3.62991192969724,474.46372843254,0.221768812909167
2025-10-01,2025,10,1,7089.88,27.29625,1774.952197416,1.774952197416,242.875690848,0.205434282108333,2169.386019064,2.169386019064,296.848066592,0.205434282108333,3362.5483295492,3.3625483295492,460.1145032176,0.205434282108333
2025-10-02,2025,10,2,7718.69,27.4095833333333,1925.1248817636,1.9251248817636,251.0739145728,0.22281537983375,2352.9304110444,2.3529304110444,306.8681178112,0.22281537983375,3647.04213711882,3.64704213711882,475.64558260736,0.22281537983375
2025-10-03,2025,10,3,7712.21,26.075,1934.3219354244,1.9343219354244,252.465570918,0.223879853637083,2364.1712544076,2.3641712544076,308.569031122,0.223879853637083,3664.46544433178,3.66446544433178,478.2819982391,0.223879853637083
2025-10-04,2025,10,4,7607,26.0670833333333,1914.9629144472,1.9149629144472,248.548220928,0.221639226209167,2340.5102287688,2.3405102287688,303.781158912,0.221639226209167,3627.79085459164,3.62779085459164,470.8607963136,0.221639226209167
2025-10-05,2025,10,5,7550.16,26.2079166666667,1903.6045152648,1.9036045152648,250.295671296,0.220324596674167,2326.6277408792,2.3266277408792,305.916931584,0.220324596674167,3606.27299836276,3.60627299836276,474.1712439552,0.220324596674167
2025-10-06,2025,10,6,7420.35,27.6608333333333,1855.540830762,1.855540830762,244.631705472,0.214761670227083,2267.883237598,2.267883237598,298.994306688,0.214761670227083,3515.2190182769,3.5152190182769,463.4411753664,0.214761670227083
2025-10-07,2025,10,7,6152.35,28.7416666666667,1552.3872105636,1.5523872105636,225.18535536,0.179674445667083,1897.3621462444,1.8973621462444,275.22654544,0.179674445667083,2940.91132667882,2.94091132667882,426.601145432,0.179674445667083
2025-10-08,2025,10,8,6082,29.4075,1541.7504623016,1.5417504623016,228.1472777664,0.178443340544167,1884.3616761464,1.8843616761464,278.8466728256,0.178443340544167,2920.76059802692,2.92076059802692,432.21234287968,0.178443340544167
2025-10-09,2025,10,9,7495.29,29.3729166666667,1867.4871254676,1.8674871254676,246.638376792,0.216144343225417,2282.4842644604,2.2824842644604,301.446904968,0.216144343225417,3537.85060991362,3.53785060991362,467.2427027004,0.216144343225417
2025-10-10,2025,10,10,6354.86,27.6733333333333,1606.937098536,1.606937098536,240.2472670524,0.185988090108333,1964.034231544,1.964034231544,293.6355486196,0.185988090108333,3044.2530588932,3.0442530588932,455.13510036038,0.185988090108333
2025-10-11,2025,10,11,4884.78,27.7408333333333,1275.2283790368,1.2752283790368,190.7473638492,0.147595877203333,1558.6124632672,1.5586124632672,233.1356669268,0.147595877203333,2415.84931806416,2.41584931806416,361.36028373654,0.147595877203333
2025-10-12,2025,10,12,4892.42,27.0208333333333,1276.5476630232,1.2765476630232,216.328038552,0.147748572109167,1560.2249214728,1.5602249214728,264.400936008,0.147748572109167,2418.34862828284,2.41834862828284,409.8214508124,0.147748572109167
2025-10-13,2025,10,13,5377.12,26.9745833333333,1384.3957452624,1.3843957452624,214.5543011568,0.160230989035,1692.0392442096,1.6920392442096,262.2330347472,0.160230989035,2622.66082852488,2.62266082852488,406.46120385816,0.160230989035
2025-10-14,2025,10,14,4888.45,27.3008333333333,1262.7315082476,1.2627315082476,208.42733943,0.14614948012125,1543.3385100804,1.5433385100804,254.74452597,0.14614948012125,2392.17469062462,2.39217469062462,394.8540152535,0.14614948012125
2025-10-15,2025,10,15,6536.27,28.55125,1661.0886137556,1.6610886137556,223.6703729904,0.192255626592083,2030.2194168124,2.0302194168124,273.3749003216,0.192255626592083,3146.84009605922,3.14684009605922,423.73109549848,0.192255626592083
2025-10-16,2025,10,16,6443.91,27.2304166666667,1657.3951831428,1.6573951831428,220.8555018864,0.191828146197083,2025.7052238412,2.0257052238412,269.9345023056,0.191828146197083,3139.84309695386,3.13984309695386,418.39847857368,0.191828146197083
2025-10-17,2025,10,17,6107.68,28.1658333333333,1555.0111798704,1.5550111798704,237.17223711,0.179978145818333,1900.5692198416,1.9005692198416,289.87717869,0.179978145818333,2945.88229075448,2.94588229075448,449.3096269695,0.179978145818333
2025-10-18,2025,10,18,4657.55,25.2816666666667,1244.6996392404,1.2446996392404,180.798551064,0.144062458245417,1521.2995590716,1.5212995590716,220.976006856,0.144062458245417,2358.01431656098,2.35801431656098,342.5128106268,0.144062458245417
2025-10-19,2025,10,19,5313.6,23.7333333333333,1402.8192777816,1.4028192777816,228.9371383152,0.162363342335833,1714.5568950664,1.7145568950664,279.8120579408,0.162363342335833,2657.56318735292,2.65756318735292,433.70868980824,0.162363342335833
2025-10-20,2025,10,20,5600.35,23.1529166666667,1472.7708607644,1.4727708607644,209.844076896,0.17045959036625,1800.0532742676,1.8000532742676,256.476093984,0.17045959036625,2790.08257511478,2.79008257511478,397.5379456752,0.17045959036625
2025-10-21,2025,10,21,3918.88,21.5333333333333,1065.3828454224,1.0653828454224,156.9648337308,0.123308199701667,1302.1345888496,1.3021345888496,191.8459078932,0.123308199701667,2018.30861271688,2.01830861271688,297.36115723446,0.123308199701667
2025-10-22,2025,10,22,7778.62,21.8870833333333,2000.6498824056,2.0006498824056,262.4355179964,0.2315566993525,2445.2387451624,2.4452387451624,320.7545219956,0.2315566993525,3790.12005500172,3.79012005500172,497.16950909318,0.2315566993525
2025-10-23,2025,10,23,7624.51,22.1779166666667,1965.109679586,1.965109679586,266.96388375,0.227443249952083,2401.800719494,2.401800719494,326.28919125,0.227443249952083,3722.7911152157,3.7227911152157,505.7482464375,0.227443249952083
2025-10-24,2025,10,24,7576.34,22.8954166666667,1946.875223916,1.946875223916,262.430147718,0.225332780545833,2379.514162564,2.379514162564,320.747958322,0.225332780545833,3688.2469519742,3.6882469519742,497.1593353991,0.225332780545833
2025-10-25,2025,10,25,7079.4,24.5916666666667,1810.8524106216,1.8108524106216,250.650908694,0.2095893993775,2213.2640574264,2.2132640574264,306.351110626,0.2095893993775,3430.55928901092,3.43055928901092,474.8442214703,0.2095893993775
2025-10-26,2025,10,26,6922.74,26.4820833333333,1763.9269485624,1.7639269485624,233.6152524732,0.204158211639167,2155.9107149096,2.1559107149096,285.5297530228,0.204158211639167,3341.66160810988,3.34166160810988,442.57111718534,0.204158211639167
2025-10-27,2025,10,27,5245.86,26.6816666666667,1368.3102000408,1.3683102000408,208.702651608,0.158369236115833,1672.3791333832,1.6723791333832,255.081018632,0.158369236115833,2592.18765674396,2.59218765674396,395.3755788796,0.158369236115833
2025-10-28,2025,10,28,5069.43,27.1958333333333,1318.3244645004,1.3183244645004,195.3888644412,0.152583850057917,1611.2854566116,1.6112854566116,238.8086120948,0.152583850057917,2497.49245774798,2.49749245774798,370.15334874694,0.152583850057917
2025-10-29,2025,10,29,4607.46,27.64625,1212.31218816,1.21231218816,173.06488188,0.140313910666667,1481.71489664,1.48171489664,211.52374452,0.140313910666667,2296.658089792,2.296658089792,327.861804006,0.140313910666667
2025-10-30,2025,10,30,4460.73,26.2716666666667,1179.6700783644,1.1796700783644,173.1261034944,0.136535888699583,1441.8189846676,1.4418189846676,211.5985709376,0.136535888699583,2234.81942623478,2.23481942623478,327.97778495328,0.136535888699583
2025-10-31,2025,10,31,4068.01,25.515,1081.1862284436,1.0811862284436,165.94430832,0.12513729495875,1321.4498347644,1.3214498347644,202.82082128,0.12513729495875,2048.24724388482,2.04824724388482,314.372272984,0.12513729495875
2025-11-01,2025,11,1,5888.86,26.7308333333333,1514.8257084504,1.5148257084504,212.7022439292,0.175327049589167,1851.4536436616,1.8514536436616,259.9694092468,0.175327049589167,2869.75314767548,2.86975314767548,402.95258433254,0.175327049589167
2025-11-02,2025,11,2,5887.46,27.5620833333333,1512.9118989144,1.5129118989144,209.84223447,0.175105543855833,1849.1145431176,1.8491145431176,256.47384213,0.175105543855833,2866.12754183228,2.86612754183228,397.5344553015,0.175105543855833
2025-11-03,2025,11,3,2709.45,23.9058333333333,741.5097789996,0.7415097789996,121.656005622,0.0858228910879167,906.2897298884,0.9062897298884,148.690673538,0.0858228910879167,1404.74908132702,1.40474908132702,230.4705439839,0.0858228910879167
2025-11-04,2025,11,4,4953.6,24.8129166666667,1302.9931087848,1.3029931087848,193.4836188912,0.150809387590833,1592.5471329592,1.5925471329592,236.4799786448,0.150809387590833,2468.44805608676,2.46844805608676,366.54396689944,0.150809387590833
2025-11-05,2025,11,5,6612.32,25.8979166666667,1688.4993120912,1.6884993120912,238.1957493084,0.195428161121667,2063.7213814448,2.0637213814448,291.1281380436,0.195428161121667,3198.76814123944,3.19876814123944,451.24861396758,0.195428161121667
2025-11-06,2025,11,6,7406.99,26.4229166666667,1864.9337443308,1.8649337443308,248.369081112,0.21584881300125,2279.3634652932,2.2793634652932,303.562210248,0.21584881300125,3533.01337120446,3.53301337120446,470.5214258844,0.21584881300125
2025-11-07,2025,11,7,6845.66,26.9095833333333,1742.728891284,1.742728891284,233.5808567664,0.2017047327875,2130.001978236,2.130001978236,285.4877138256,0.2017047327875,3301.5030662658,3.3015030662658,442.50595642968,0.2017047327875
2025-11-08,2025,11,8,4789.31,26.20125,1259.1675936036,1.2591675936036,182.9109126204,0.145736990000417,1538.9826144044,1.5389826144044,223.5577820916,0.145736990000417,2385.42305232682,2.38542305232682,346.51456224198,0.145736990000417
2025-11-09,2025,11,9,5499.61,24.0154166666667,1454.2985705796,1.4542985705796,202.6932831612,0.168321593817083,1777.4760307084,1.7774760307084,247.7362349748,0.168321593817083,2755.08784759802,2.75508784759802,383.99116421094,0.168321593817083
2025-11-10,2025,11,10,7448.85,26.28625,1883.6347561236,1.8836347561236,242.748325926,0.21801328195875,2302.2202574844,2.3022202574844,296.692398354,0.21801328195875,3568.44139910082,3.56844139910082,459.8732174487,0.21801328195875
2025-11-11,2025,11,11,6070.53,26.4895833333333,1569.2381800668,1.5692381800668,215.5339543068,0.181624789359583,1917.9577756372,1.9179577756372,263.4303885972,0.181624789359583,2972.83455223766,2.97283455223766,408.31710232566,0.181624789359583
2025-11-12,2025,11,12,6927.44,26.375,1774.5093628488,1.7745093628488,233.772114816,0.2053830281075,2168.8447768152,2.1688447768152,285.721473664,0.2053830281075,3361.70940406356,3.36170940406356,442.8682841792,0.2053830281075
2025-11-13,2025,11,13,7411,25.5591666666667,1893.9769977816,1.8939769977816,244.50802236,0.219210300669167,2314.8607750664,2.3148607750664,298.84313844,0.219210300669167,3588.03420135292,3.58803420135292,463.206864582,0.219210300669167
2025-11-14,2025,11,14,7961.37,26.47125,1999.8019293588,1.9998019293588,252.8055414,0.23145855663875,2444.2023581052,2.4442023581052,308.9845506,0.23145855663875,3788.51365506306,3.78851365506306,478.92605343,0.23145855663875
2025-11-15,2025,11,15,7516.32,27.3891666666667,1889.7581478024,1.8897581478024,243.3813052572,0.2187220078475,2309.7044028696,2.3097044028696,297.4660397588,0.2187220078475,3580.04182444788,3.58004182444788,461.07236162614,0.2187220078475
2025-11-16,2025,11,16,5518.72,27.9575,1422.2439215568,1.4222439215568,215.511958368,0.164611564995,1738.2981263472,1.7382981263472,263.403504672,0.164611564995,2694.36209583816,2.69436209583816,408.2754322416,0.164611564995
2025-11-17,2025,11,17,4330.43,27.5958333333333,1134.5710587372,1.1345710587372,191.4503841216,0.13131609476125,1386.6979606788,1.3866979606788,233.9949139264,0.13131609476125,2149.38183905214,2.14938183905214,362.69211658592,0.13131609476125
2025-11-18,2025,11,18,7229.27,26.4004166666667,1823.0591604492,1.8230591604492,251.12194812,0.211002217644583,2228.1834183268,2.2281834183268,306.92682548,0.211002217644583,3453.68429840654,3.45368429840654,475.736579494,0.211002217644583
2025-11-19,2025,11,19,8019.9,25.9925,2020.2483798288,2.0202483798288,258.66662256,0.233825043961667,2469.1924642352,2.4691924642352,316.14809424,0.233825043961667,3827.24831956456,3.82724831956456,490.029546072,0.233825043961667
2025-11-20,2025,11,20,8533.05,25.2775,2126.217616614,2.126217616614,264.67123968,0.246090001922917,2598.710420306,2.598710420306,323.48707072,0.246090001922917,4028.0011514743,4.0280011514743,501.404959616,0.246090001922917
2025-11-21,2025,11,21,6872.07,27.2404166666667,1744.5003034788,1.7445003034788,225.87865479,0.201909757347083,2132.1670375852,2.1321670375852,276.07391141,0.201909757347083,3304.85890825706,3.30485890825706,427.9145626855,0.201909757347083
2025-11-22,2025,11,22,5731.11,26.1158333333333,1488.1839410916,1.4881839410916,214.598154582,0.172243511700417,1818.8914835564,1.8188914835564,262.286633378,0.172243511700417,2819.28179951242,2.81928179951242,406.5442817359,0.172243511700417
2025-11-23,2025,11,23,4799.58,24.9020833333333,1281.1252626288,1.2811252626288,181.449139878,0.148278386878333,1565.8197654352,1.5658197654352,221.771170962,0.148278386878333,2427.02063642456,2.42702063642456,343.7453149911,0.148278386878333
2025-11-24,2025,11,24,6451.85,25.4066666666667,1669.2129790956,1.6692129790956,210.1677686208,0.193195946654583,2040.1491966724,2.0401491966724,256.8717172032,0.193195946654583,3162.23125484222,3.16223125484222,398.15116166496,0.193195946654583
2025-11-25,2025,11,25,5703.23,24.8479166666667,1481.4857950164,1.4814857950164,215.392628736,0.171468263312083,1810.7048605756,1.8107048605756,263.257657344,0.171468263312083,2806.59253389218,2.80659253389218,408.0493688832,0.171468263312083
2025-11-26,2025,11,26,4569.11,24.83875,1204.8216586236,1.2048216586236,170.2476299196,0.139446951229583,1472.5598049844,1.4725598049844,208.0804365684,0.139446951229583,2282.46769772582,2.28246769772582,322.52467668102,0.139446951229583
2025-11-27,2025,11,27,6953.69,25.89375,1768.0394903508,1.7680394903508,241.426440576,0.204634200272083,2160.9371548732,2.1609371548732,295.076760704,0.204634200272083,3349.45259005346,3.34945259005346,457.3689790912,0.204634200272083
2025-11-28,2025,11,28,6924.35,25.69625,1774.4602929588,1.7744602929588,243.874122624,0.205377348722083,2168.7848025052,2.1687848025052,298.068372096,0.205377348722083,3361.61644388306,3.36161644388306,462.0059767488,0.205377348722083
2025-11-29,2025,11,29,7872.14,26.9045833333333,1974.3900798672,1.9743900798672,250.660380438,0.228517370355,2413.1434309488,2.4131434309488,306.362687202,0.228517370355,3740.37231797064,3.74037231797064,474.8621651631,0.228517370355
2025-11-30,2025,11,30,6850.75,26.99625,1738.1490296724,1.7381490296724,232.8719173056,0.201174656212083,2124.4043695996,2.1244043695996,284.6212322624,0.201174656212083,3292.82677287938,3.29282677287938,441.16291000672,0.201174656212083
2025-12-01,2025,12,1,5624.91,27.54875,1442.6051787252,1.4426051787252,222.3971046,0.166968191982083,1763.1841073308,1.7631841073308,271.8186834,0.166968191982083,2732.93536636274,2.73293536636274,421.31895927,0.166968191982083
2025-12-02,2025,12,2,4253.74,24.4058333333333,1146.2111973936,1.1462111973936,162.077323104,0.132663333031667,1400.9247968144,1.4009247968144,198.094506016,0.132663333031667,2171.43343506232,2.17143343506232,307.0464843248,0.132663333031667
2025-12-03,2025,12,3,5846.42,23.4266666666667,1541.956777128,1.541956777128,196.013821536,0.178467219575,1884.613838712,1.884613838712,239.572448544,0.178467219575,2921.1514500036,2.9211514500036,371.3372952432,0.178467219575
2025-12-04,2025,12,4,3838.11,22.1225,1049.27862285,1.04927862285,171.2614960368,0.121444285052083,1282.45165015,1.28245165015,209.3196062672,0.121444285052083,1987.8000577325,1.9878000577325,324.44538971416,0.121444285052083
2025-12-05,2025,12,5,3867.65,22.7375,1048.3130879676,1.0483130879676,158.561112672,0.121332533329583,1281.2715519604,1.2812715519604,193.796915488,0.121332533329583,1985.97090553862,1.98597090553862,300.3852190064,0.121332533329583
2025-12-06,2025,12,6,3731.35,22.26875,1013.7008588076,1.0137008588076,190.3816691136,0.117326488287917,1238.9677163204,1.2389677163204,232.6887066944,0.117326488287917,1920.39996029662,1.92039996029662,360.66749537632,0.117326488287917
2025-12-07,2025,12,7,4704.1,21.5091666666667,1273.2148971936,1.2732148971936,200.0172188016,0.147362835323333,1556.1515410144,1.5561515410144,244.4654896464,0.147362835323333,2412.03488857232,2.41203488857232,378.92150895192,0.147362835323333
2025-12-08,2025,12,8,3123.39,20.6954166666667,870.4431609084,0.8704431609084,137.09788407,0.10074573621625,1063.8749744436,1.0638749744436,167.56408053,0.10074573621625,1649.00621038758,1.64900621038758,259.7243248215,0.10074573621625
2025-12-09,2025,12,9,3943.37,20.8883333333333,1084.8685252356,1.0848685252356,158.360665302,0.125563486717083,1325.9504197324,1.3259504197324,193.551924258,0.125563486717083,2055.22315058522,2.05522315058522,300.0054825999,0.125563486717083
2025-12-10,2025,12,10,5039.15,22.14375,1356.5562870564,1.3565562870564,188.9623414512,0.157008829520417,1658.0132397356,1.6580132397356,230.9539728848,0.157008829520417,2569.92052159018,2.56992052159018,357.97865797144,0.157008829520417
2025-12-11,2025,12,11,6007.68,22.7554166666667,1585.8832030272,1.5858832030272,220.963706208,0.183551296646667,1938.3016925888,1.9383016925888,270.066752032,0.183551296646667,3004.36762351264,3.00436762351264,418.6034656496,0.183551296646667
2025-12-12,2025,12,12,6372.4,23.2725,1659.2921657496,1.6592921657496,234.947092248,0.192047704369167,2028.0237581384,2.0280237581384,287.157557192,0.192047704369167,3143.43682511452,3.14343682511452,445.0942136476,0.192047704369167
2025-12-13,2025,12,13,4645.09,22.6020833333333,1256.8120202628,1.2568120202628,175.4226952128,0.145464354197083,1536.1035803212,1.5361035803212,214.4055163712,0.145464354197083,2380.96054949786,2.38096054949786,332.32855037536,0.145464354197083
2025-12-14,2025,12,14,4971.62,23.3208333333333,1329.4318013856,1.3294318013856,188.8241382,0.153869421456667,1624.8610905824,1.6248610905824,230.7850578,0.153869421456667,2518.53469040272,2.51853469040272,357.71683959,0.153869421456667
2025-12-15,2025,12,15,5810.62,22.8820833333333,1539.6622163424,1.5396622163424,216.512625078,0.17820164541,1881.8093755296,1.8818093755296,264.626541762,0.17820164541,2916.80453207088,2.91680453207088,410.1711397311,0.17820164541
2025-12-16,2025,12,16,4726.18,22.2916666666667,1275.37193574,1.27537193574,198.6340256496,0.1476124925625,1558.78792146,1.55878792146,242.7749202384,0.1476124925625,2416.121278263,2.416121278263,376.30112636952,0.1476124925625
2025-12-17,2025,12,17,5297.09,22.395,1416.2150580444,1.4162150580444,189.23498703,0.16391377986625,1730.9295153876,1.7309295153876,231.28720637,0.16391377986625,2682.94074885078,2.68294074885078,358.4951698735,0.16391377986625
2025-12-18,2025,12,18,4301.09,22.1770833333333,1169.3749105764,1.1693749105764,176.92148592,0.13534431835375,1429.2360018156,1.4292360018156,216.23737168,0.13534431835375,2215.31580281418,2.21531580281418,335.167926104,0.13534431835375
2025-12-19,2025,12,19,3847.17,23.0154166666667,1044.9990629028,1.0449990629028,152.613769302,0.12094896561375,1277.2210768812,1.2772210768812,186.527940258,0.12094896561375,1979.69266916586,1.97969266916586,289.1183073999,0.12094896561375
2025-12-20,2025,12,20,5308.71,22.7620833333333,1411.2898821324,1.4112898821324,219.9999033792,0.163343736357917,1724.9098559396,1.7249098559396,268.8887707968,0.163343736357917,2673.61027670638,2.67361027670638,416.77759473504,0.163343736357917
2025-12-21,2025,12,21,6920.79,22.6379166666667,1810.0476987372,1.8100476987372,219.47741244,0.209496261427917,2212.2805206788,2.2122805206788,268.25017076,0.209496261427917,3429.03480705214,3.42903480705214,415.787764678,0.209496261427917
2025-12-22,2025,12,22,6808.46,23.3366666666667,1772.6546617776,1.7726546617776,225.11750256,0.205168363631667,2166.5779199504,2.1665779199504,275.14361424,0.205168363631667,3358.19577592312,3.35819577592312,426.472602072,0.205168363631667
2025-12-23,2025,12,23,7019.73,22.9995833333333,1825.2050949036,1.8252050949036,236.4161013504,0.211250589687917,2230.8062271044,2.2308062271044,288.9530127616,0.211250589687917,3457.74965201182,3.45774965201182,447.87716978048,0.211250589687917
2025-12-24,2025,12,24,7468.84,23.3858333333333,1923.3858443832,1.9233858443832,236.493245952,0.222614102359167,2350.8049209128,2.3508049209128,289.047300608,0.222614102359167,3643.74762741484,3.64374762741484,448.0233159424,0.222614102359167
2025-12-25,2025,12,25,6840.1,24.435,1760.2861503888,1.7602861503888,237.895119,0.203736822961667,2151.4608504752,2.1514608504752,290.760701,0.203736822961667,3334.76431823656,3.33476431823656,450.67908655,0.203736822961667
2025-12-26,2025,12,26,7541.65,25.44625,1918.881323622,1.918881323622,230.7461232384,0.222092745789583,2345.299395538,2.345299395538,282.0230395136,0.222092745789583,3635.2140630839,3.6352140630839,437.13571124608,0.222092745789583
2025-12-27,2025,12,27,7794.25,26.385,1963.5028779996,1.9635028779996,242.620227072,0.22725727754625,2399.8368508884,2.3998368508884,296.535833088,0.22725727754625,3719.74711887702,3.71974711887702,459.6305412864,0.22725727754625
2025-12-28,2025,12,28,7192.71,26.6279166666667,1842.6424082364,1.8426424082364,243.6533509212,0.213268797249583,2252.1184989556,2.2521184989556,297.7985400148,0.213268797249583,3490.78367338118,3.49078367338118,461.58773702294,0.213268797249583
2025-12-29,2025,12,29,6860.13,26.47,1740.8100498444,1.7408100498444,242.70947127,0.201482644657917,2127.6567275876,2.1276567275876,296.64490933,0.201482644657917,3297.86792776078,3.29786792776078,459.7996094615,0.201482644657917
2025-12-30,2025,12,30,5674.83,27.46625,1452.04036101,1.45204036101,228.8101598208,0.16806022696875,1774.71599679,1.77471599679,279.6568620032,0.16806022696875,2750.8097950245,2.7508097950245,433.46813610496,0.16806022696875
2025-12-31,2025,12,31,6472.71,25.22625,1681.0694827812,1.6810694827812,232.318336608,0.19456822717375,2054.6404789548,2.0546404789548,283.944633632,0.19456822717375,3184.69274237994,3.18469274237994,440.1141821296,0.19456822717375
2026-01-01,2026,1,1,6974.47,26.80625,1771.1797400316,1.7711797400316,235.991271942,0.20499765509625,2164.7752378164,2.1647752378164,288.433776818,0.20499765509625,3355.40161861542,3.35540161861542,447.0723540679,0.20499765509625
2026-01-02,2026,1,2,6552.49,25.81875,1695.6333367812,1.6956333367812,213.095178072,0.19625385842375,2072.4407449548,2.0724407449548,260.449662088,0.19625385842375,3212.28315467994,3.21228315467994,403.6969762364,0.19625385842375
2026-01-03,2026,1,3,6050.9,24.3225,1577.3269914072,1.5773269914072,217.2868549488,0.182560994375833,1927.8441006088,1.9278441006088,265.5728227152,0.182560994375833,2988.15835594364,2.98815835594364,411.63787520856,0.182560994375833
2026-01-04,2026,1,4,5123.53,22.4108333333333,1379.0858274468,1.3790858274468,191.811864672,0.15961641521375,1685.5493446572,1.6855493446572,234.436723488,0.15961641521375,2612.60148421866,2.61260148421866,363.3769214064,0.15961641521375
2026-01-05,2026,1,5,4430.76,22.9216666666667,1185.2768448648,1.1852768448648,180.086132952,0.1371848200075,1448.6716992792,1.4486716992792,220.105273608,0.1371848200075,2245.44113388276,2.24544113388276,341.1631740924,0.1371848200075
2026-01-06,2026,1,6,2441.98,21.89625,682.3092118104,0.6823092118104,100.33877295,0.0789709735891667,833.9334811016,0.8339334811016,122.63627805,0.0789709735891667,1292.59689570748,1.29259689570748,190.0862309775,0.0789709735891667
2026-01-07,2026,1,7,3083.21,21.9241666666667,843.4707571116,0.8434707571116,142.00079751,0.09762393022125,1030.9087031364,1.0309087031364,173.55653029,0.09762393022125,1597.90848986142,1.59790848986142,269.0126219495,0.09762393022125
2026-01-08,2026,1,8,6429.31,22.8729166666667,1685.7772473924,1.6857772473924,218.3469437952,0.195113107337083,2060.3944134796,2.0603944134796,266.8684868608,0.195113107337083,3193.61134089338,3.19361134089338,413.64615463424,0.195113107337083
2026-01-09,2026,1,9,7424.88,24.1608333333333,1896.5488763448,1.8965488763448,246.7648908288,0.219507971799167,2318.0041821992,2.3180041821992,301.6015332352,0.219507971799167,3592.90648240876,3.59290648240876,467.48237651456,0.219507971799167
2026-01-10,2026,1,10,8313.53,23.105,2126.7394023564,2.1267394023564,267.297172632,0.24615039379125,2599.3481584356,2.5993481584356,326.696544328,0.24615039379125,4028.98964557518,4.02898964557518,506.3796437084,0.24615039379125
2026-01-11,2026,1,11,8355.66,24.5058333333333,2108.7862250544,2.1087862250544,262.84636476,0.244072479751667,2577.4053861776,2.5774053861776,321.25666804,0.244072479751667,3994.97834857528,3.99497834857528,497.947835462,0.244072479751667
2026-01-12,2026,1,12,4890.01,24.58375,1289.0146357476,1.2890146357476,196.198089606,0.149191508767083,1575.4623325804,1.5754623325804,239.797665074,0.149191508767083,2441.96661549962,2.44196661549962,371.6863808647,0.149191508767083
2026-01-13,2026,1,13,5893.64,23.105,1550.3512127544,1.5503512127544,225.3899463408,0.1794387977725,1894.8737044776,1.8948737044776,275.4766010832,0.1794387977725,2937.05424194028,2.93705424194028,426.98873167896,0.1794387977725
2026-01-14,2026,1,14,5971.29,22.73375,1548.6307751556,1.5486307751556,243.55802268,0.179239673050417,1892.7709474124,1.8927709474124,297.68202772,0.179239673050417,2933.79496848922,2.93379496848922,461.407142966,0.179239673050417
2026-01-15,2026,1,15,6425.03,23.1179166666667,1685.5108370532,1.6855108370532,217.7541218556,0.195082272807083,2060.0688008428,2.0600688008428,266.1439267124,0.195082272807083,3193.10664130634,3.19310664130634,412.52308640422,0.195082272807083
2026-01-16,2026,1,16,8054.01,24.0758333333333,2050.5085627572,2.0505085627572,259.791185304,0.23732737994875,2506.1771322588,2.5061771322588,317.522559816,0.23732737994875,3884.57455500114,3.88457455500114,492.1599677148,0.23732737994875
2026-01-17,2026,1,17,8011.57,24.90625,2021.536570914,2.021536570914,260.3365777152,0.233974140152083,2470.766920006,2.470766920006,318.1891505408,0.233974140152083,3829.6887260093,3.8296887260093,493.19318333824,0.233974140152083
2026-01-18,2026,1,18,5568.71,25.3025,1440.7390146348,1.4407390146348,217.6522025328,0.166752200767917,1760.9032401092,1.7609032401092,266.0193586512,0.166752200767917,2729.40002216926,2.72940002216926,412.33000590936,0.166752200767917
2026-01-19,2026,1,19,5577.91,23.8029166666667,1477.909944378,1.477909944378,209.870220672,0.171054391710417,1806.334376462,1.806334376462,256.508047488,0.171054391710417,2799.8182835161,2.7998182835161,397.5874736064,0.171054391710417
2026-01-20,2026,1,20,3762.25,21.6979166666667,1028.0183351724,1.0280183351724,175.31140284,0.118983603607917,1256.4668540996,1.2564668540996,214.26949236,0.118983603607917,1947.52362385438,1.94752362385438,332.117713158,0.118983603607917
2026-01-21,2026,1,21,5304.9,21.46375,1416.5950012416,1.4165950012416,219.4791699312,0.163957754773333,1731.3938904064,1.7313938904064,268.2523188048,0.163957754773333,2683.66053012992,2.68366053012992,415.79109414744,0.163957754773333
2026-01-22,2026,1,22,3471.94,21.8120833333333,945.7147968336,0.9457147968336,160.846986006,0.109457731115,1155.8736405744,1.1558736405744,196.590760674,0.109457731115,1791.60414289032,1.79160414289032,304.7156790447,0.109457731115
2026-01-23,2026,1,23,4425.12,22.49,1185.3682779312,1.1853682779312,185.29358535,0.137195402538333,1448.7834508048,1.4487834508048,226.46993765,0.137195402538333,2245.61434874744,2.24561434874744,351.0284033575,0.137195402538333
2026-01-24,2026,1,24,5894.36,22.99,1541.9322226152,1.5419322226152,237.2472438876,0.1784643776175,1884.5838276408,1.8845838276408,289.9688536404,0.1784643776175,2921.10493284324,2.92110493284324,449.45172314262,0.1784643776175
2026-01-25,2026,1,25,3300.15,22.665,897.4030030308,0.8974030030308,179.090642304,0.10386608831375,1096.8258925932,1.0968258925932,218.888562816,0.10386608831375,1700.08013351946,1.70008013351946,339.2772723648,0.10386608831375
2026-01-26,2026,1,26,7197.73,22.8891666666667,1855.7984892852,1.8557984892852,248.5490172912,0.214791491815417,2268.1981535708,2.2681981535708,303.7821322448,0.214791491815417,3515.70713803474,3.51570713803474,470.86230497944,0.214791491815417
2026-01-27,2026,1,27,7603.57,22.7845833333333,1957.855388778,1.957855388778,257.159727414,0.226603632960417,2392.934364062,2.392934364062,314.306333506,0.226603632960417,3709.0482642961,3.7090482642961,487.1748169343,0.226603632960417
2026-01-28,2026,1,28,4927.66,23.2054166666667,1302.3259973928,1.3023259973928,201.218092614,0.150732175624167,1591.7317745912,1.5917317745912,245.933224306,0.150732175624167,2467.18425061636,2.46718425061636,381.1964976743,0.150732175624167
2026-01-29,2026,1,29,6097.87,23.4691666666667,1597.214508966,1.597214508966,239.43812544,0.184862790389583,1952.151066514,1.952151066514,292.64659776,0.184862790389583,3025.8341530967,3.0258341530967,453.602226528,0.184862790389583
2026-01-30,2026,1,30,3598.64,21.8445833333333,989.864810784,0.989864810784,150.09062607,0.114567686433333,1209.834768736,1.209834768736,183.44409853,0.114567686433333,1875.2438915408,1.8752438915408,284.3383527215,0.114567686433333
2026-01-31,2026,1,31,5749.29,22.5545833333333,1512.1596968676,1.5121596968676,224.0747706816,0.17501848343375,1848.1951850604,1.8481951850604,273.8691641664,0.17501848343375,2864.70253684362,2.86470253684362,424.49720445792,0.17501848343375
2026-02-01,2026,2,1,6021.26,22.47375,1591.959605004,1.591959605004,225.321924888,0.1842545839125,1945.728406116,1.945728406116,275.393463752,0.1842545839125,3015.8790294798,3.0158790294798,426.8598688156,0.1842545839125
2026-02-02,2026,2,2,4441.9,22.3395833333333,1185.9908333184,1.1859908333184,196.0841060316,0.13726745756,1449.5443518336,1.4495443518336,239.6583518164,0.13726745756,2246.79374534208,2.24679374534208,371.47044531542,0.13726745756
2026-02-03,2026,2,3,3982.62,22.0879166666667,1078.3956934152,1.0783956934152,182.57733783,0.1248143163675,1318.0391808408,1.3180391808408,223.15007957,0.1248143163675,2042.96073030324,2.04296073030324,345.8826233335,0.1248143163675
2026-02-04,2026,2,4,4849.09,22.5016666666667,1279.891748682,1.279891748682,221.0117717952,0.148135619060417,1564.312137278,1.564312137278,270.1254988608,0.148135619060417,2424.6838127809,2.4246838127809,418.69452323424,0.148135619060417
2026-02-05,2026,2,5,4103.78,22.3983333333333,1108.0109414664,1.1080109414664,177.1889063868,0.128242007114167,1354.2355951256,1.3542355951256,216.5642189172,0.128242007114167,2099.06517244468,2.09906517244468,335.67453932166,0.128242007114167
2026-02-06,2026,2,6,5130.25,22.5420833333333,1367.6213059308,1.3676213059308,202.606321176,0.15828950300125,1671.5371516932,1.6715371516932,247.629948104,0.15828950300125,2590.88258512446,2.59088258512446,383.8264195612,0.15828950300125
2026-02-07,2026,2,7,6024.08,22.8491666666667,1581.1160418144,1.5811160418144,222.6756108528,0.182999541876667,1932.4751622176,1.9324751622176,272.1590799312,0.182999541876667,2995.33650143728,2.99533650143728,421.84657389336,0.182999541876667
2026-02-08,2026,2,8,6966.59,22.5133333333333,1819.0287183564,1.8190287183564,245.582199,0.21053573129125,2223.2573224356,2.2232573224356,300.156021,0.21053573129125,3446.04884977518,3.44604884977518,465.24183255,0.21053573129125
2026-02-09,2026,2,9,5155.4,21.7933333333333,1386.8806577616,1.3868806577616,192.2536967616,0.160518594648333,1695.0763594864,1.6950763594864,234.9767404864,0.160518594648333,2627.36835720392,2.62736835720392,364.21394775392,0.160518594648333
2026-02-10,2026,2,10,5050,21.4229166666667,1350.4794007248,1.3504794007248,215.140009824,0.156305486195,1650.5859342192,1.6505859342192,262.948900896,0.156305486195,2558.40819803976,2.55840819803976,407.5707963888,0.156305486195
2026-02-11,2026,2,11,5254.47,21.2375,1406.9799767844,1.4069799767844,208.465239798,0.162844904720417,1719.6421938476,1.7196421938476,254.790848642,0.162844904720417,2665.44540046378,2.66544540046378,394.9258153951,0.162844904720417
2026-02-12,2026,2,12,6229.35,22.3095833333333,1629.3409891884,1.6293409891884,229.31550495,0.188581133007917,1991.4167645636,1.9914167645636,280.27450605,0.188581133007917,3086.69598507358,3.08669598507358,434.4254843775,0.188581133007917
2026-02-13,2026,2,13,7710.44,22.5608333333333,1989.222206472,1.989222206472,262.7449815024,0.230234051675,2431.271585688,2.431271585688,321.1327551696,0.230234051675,3768.4709578164,3.7684709578164,497.75577051288,0.230234051675
2026-02-14,2026,2,14,7270.19,23.2854166666667,1873.7447554404,1.8737447554404,239.1603936444,0.21686860595375,2290.1324788716,2.2901324788716,292.3071477876,0.21686860595375,3549.70534225098,3.54970534225098,453.07607907078,0.21686860595375
2026-02-15,2026,2,15,7543.47,23.83625,1930.0464266148,1.9300464266148,243.8811924336,0.223385003080417,2358.9456325292,2.3589456325292,298.0770129744,0.223385003080417,3656.36573042026,3.65636573042026,462.01937011032,0.223385003080417
2026-02-16,2026,2,16,7438.34,23.7808333333333,1909.7084948544,1.9097084948544,246.4302486528,0.221031075793333,2334.0881603776,2.3340881603776,301.1925261312,0.221031075793333,3617.83664858528,3.61783664858528,466.84841550336,0.221031075793333
2026-02-17,2026,2,17,7704.4,23.66375,1963.2967737984,1.9632967737984,248.1122791872,0.227233422893333,2399.5849457536,2.3995849457536,303.2483412288,0.227233422893333,3719.35666591808,3.71935666591808,470.03492890464,0.227233422893333
2026-02-18,2026,2,18,6473.17,23.855,1674.3517107876,1.6743517107876,231.5835756252,0.193790707267083,2046.4298687404,2.0464298687404,283.0465924308,0.193790707267083,3171.96629654762,3.17196629654762,438.72221826774,0.193790707267083
2026-02-19,2026,2,19,5549.74,23.715,1458.60727302,1.45860727302,210.257830296,0.168820286229167,1782.74222258,1.78274222258,256.981792584,0.168820286229167,2763.250444999,2.763250444999,398.3217785052,0.168820286229167
2026-02-20,2026,2,20,5275.2,22.85875,1391.4886187664,1.3914886187664,216.97327071,0.161051923468333,1700.7083118256,1.7007083118256,265.18955309,0.161051923468333,2636.09788332968,2.63609788332968,411.0438072895,0.161051923468333
2026-02-21,2026,2,21,3476.49,22.93,945.537401034,0.945537401034,134.3223104256,0.10943719919375,1155.656823486,1.155656823486,164.1717127424,0.10943719919375,1791.2680764033,1.7912680764033,254.46615475072,0.10943719919375
2026-02-22,2026,2,22,5195.81,22.2616666666667,1394.3796572412,1.3943796572412,216.044111574,0.161386534402917,1704.2418032948,1.7042418032948,264.053914146,0.161386534402917,2641.57479510694,2.64157479510694,409.2835669263,0.161386534402917
2026-02-23,2026,2,23,3144.37,21.2745833333333,875.4355821132,0.8754355821132,117.3308497776,0.101323562744583,1069.9768225828,1.0699768225828,143.4043719504,0.101323562744583,1658.46407500334,1.65846407500334,222.27677652312,0.101323562744583
2026-02-24,2026,2,24,2810.1,21.65625,780.5084803704,0.7805084803704,104.332333878,0.0903366296725,953.9548093416,0.9539548093416,127.517296962,0.0903366296725,1478.62995447948,1.47862995447948,197.6518102911,0.0903366296725
2026-02-25,2026,2,25,4717.27,22.18,1270.5514702236,1.2705514702236,187.355018592,0.147054568312917,1552.8962413844,1.5528962413844,228.989467168,0.147054568312917,2406.98917414582,2.40698917414582,354.9336741104,0.147054568312917
2026-02-26,2026,2,26,4553.32,22.325,1221.052827708,1.221052827708,191.2159933884,0.1413255587625,1492.397900532,1.492397900532,233.7084363636,0.1413255587625,2313.2167458246,2.3132167458246,362.24807636358,0.1413255587625
2026-02-27,2026,2,27,5676.79,23.1545833333333,1497.1761127548,1.4971761127548,213.3125592732,0.173284272309583,1829.8819155892,1.8298819155892,260.7153502228,0.173284272309583,2836.31696916326,2.83631696916326,404.10879284534,0.173284272309583
2026-02-28,2026,2,28,5966.65,22.7766666666667,1562.4462406212,1.5624462406212,226.3179798,0.180838685257083,1909.6565163148,1.9096565163148,276.6108642,0.180838685257083,2959.96760028794,2.95996760028794,428.74683951,0.180838685257083
2026-03-01,2026,3,1,7677.62,22.5370833333333,1974.1260316248,1.9741260316248,259.5022078428,0.228486809215833,2412.8207053192,2.4128207053192,317.1693651412,0.228486809215833,3739.87209324476,3.73987209324476,491.61251596886,0.228486809215833
2026-03-02,2026,3,2,7695.02,22.5041666666667,1975.165749036,1.975165749036,256.99047516,0.228607146879167,2414.091471044,2.414091471044,314.09946964,0.228607146879167,3741.8417801182,3.7418417801182,486.854177942,0.228607146879167
2026-03-03,2026,3,3,6045.23,22.45875,1585.39349853,1.58539349853,220.286449926,0.183494617885417,1937.70316487,1.93770316487,269.238994354,0.183494617885417,3003.4399055485,3.0034399055485,417.3204412487,0.183494617885417
2026-03-04,2026,3,4,6243.92,23.3620833333333,1622.2750657776,1.6222750657776,235.917600984,0.187763317798333,1982.7806359504,1.9827806359504,288.343734536,0.187763317798333,3073.30998572312,3.07330998572312,446.9327885308,0.187763317798333
2026-03-05,2026,3,5,6752.7,23.6483333333333,1750.2601020048,1.7502601020048,229.0178875248,0.202576400695,2139.2067913392,2.1392067913392,279.9107514192,0.202576400695,3315.77052657576,3.31577052657576,433.86166469976,0.202576400695
2026-03-06,2026,3,6,5220.35,23.33625,1377.1925740692,1.3771925740692,197.5884212124,0.159397288665417,1683.2353683068,1.6832353683068,241.4969592596,0.159397288665417,2609.01482087554,2.60901482087554,374.32028685238,0.159397288665417
2026-03-07,2026,3,7,4335.28,22.1858333333333,1176.4131272064,1.1764131272064,177.08595183,0.13615892676,1437.8382665856,1.4378382665856,216.43838557,0.13615892676,2228.64931320768,2.22864931320768,335.4794976335,0.13615892676
2026-03-08,2026,3,8,5659.37,22.9208333333333,1490.4521287884,1.4904521287884,221.47398108,0.172506033424583,1821.6637129636,1.8216637129636,270.69042132,0.172506033424583,2823.57875509358,2.82357875509358,419.570153046,0.172506033424583
2026-03-09,2026,3,9,5510.76,22.2066666666667,1459.80650394,1.45980650394,235.9944590832,0.168959086104167,1784.20794926,1.78420794926,288.4376722128,0.168959086104167,2765.522321353,2.765522321353,447.07839192984,0.168959086104167
2026-03-10,2026,3,10,6259.99,23.3095833333333,1632.6915383556,1.6326915383556,226.0114559424,0.188968928050417,1995.5118802124,1.9955118802124,276.2362239296,0.188968928050417,3093.04341432922,3.09304341432922,428.16614709088,0.188968928050417
2026-03-11,2026,3,11,5704.66,23.7966666666667,1494.0412532568,1.4940412532568,224.98928703,0.172921441349167,1826.0504206472,1.8260504206472,274.98690637,0.172921441349167,2830.37815200316,2.83037815200316,426.2297048735,0.172921441349167
2026-03-12,2026,3,12,3762.44,22.32,1032.163732152,1.032163732152,153.5406224832,0.119463394925,1261.533450408,1.261533450408,187.6607608128,0.119463394925,1955.3768481324,1.9553768481324,290.87417925984,0.119463394925
2026-03-13,2026,3,13,5771.03,21.8891666666667,1525.8384093132,1.5258384093132,221.4448073712,0.176601667744583,1864.9136113828,1.8649136113828,270.6547645648,0.176601667744583,2890.61609764334,2.89061609764334,419.51488507544,0.176601667744583
2026-03-14,2026,3,14,4303.67,21.87375,1163.8166028588,1.1638166028588,167.8610520432,0.13470099570125,1422.4425146052,1.4224425146052,205.1635080528,0.13470099570125,2204.78589763806,2.20478589763806,318.00343748184,0.13470099570125
2026-03-15,2026,3,15,5339.47,22.2058333333333,1412.7149286468,1.4127149286468,206.777740896,0.163508672297083,1726.6515794572,1.7266515794572,252.728349984,0.163508672297083,2676.30994815866,2.67630994815866,391.7289424752,0.163508672297083
2026-03-16,2026,3,16,6198.28,22.9304166666667,1617.6630219552,1.6176630219552,227.44178919,0.18722951643,1977.1436935008,1.9771436935008,277.98440901,0.18722951643,3064.57272492624,3.06457272492624,430.8758339655,0.18722951643
2026-03-17,2026,3,17,4254.42,22.79125,1135.1865401712,1.1351865401712,190.634729526,0.131387331038333,1387.4502157648,1.3874502157648,232.998002754,0.131387331038333,2150.54783443544,2.15054783443544,361.1469042687,0.131387331038333
2026-03-18,2026,3,18,5537.41,22.7708333333333,1458.745059114,1.458745059114,217.902618054,0.16883623369375,1782.910627806,1.782910627806,266.325422066,0.16883623369375,2763.5114730993,2.7635114730993,412.8044042023,0.16883623369375
2026-03-19,2026,3,19,5952.37,22.9416666666667,1564.0420686588,1.5640420686588,225.520253784,0.18102338757625,1911.6069728052,1.9116069728052,275.635865736,0.18102338757625,2962.99080784806,2.96299080784806,427.2355918908,0.18102338757625
2026-03-20,2026,3,20,4249.18,22.4458333333333,1143.0460653264,1.1430460653264,192.231157248,0.132296998301667,1397.0563020656,1.3970563020656,234.949192192,0.132296998301667,2165.43726820168,2.16543726820168,364.1712478976,0.132296998301667
2026-03-21,2026,3,21,5543.77,22.4866666666667,1471.631871006,1.471631871006,197.038656,0.170327762847917,1798.661175674,1.798661175674,240.825024,0.170327762847917,2787.9248222947,2.7879248222947,373.2787872,0.170327762847917
2026-03-22,2026,3,22,6012.61,22.3166666666667,1580.250375126,1.580250375126,232.075615104,0.182899348972917,1931.417125154,1.931417125154,283.647974016,0.182899348972917,2993.6965439887,2.9936965439887,439.6543597248,0.182899348972917
2026-03-23,2026,3,23,6985.27,23.3329166666667,1800.4427651196,1.8004427651196,236.8307061504,0.20838457929625,2200.5411573684,2.2005411573684,289.4597519616,0.20838457929625,3410.83879392102,3.41083879392102,448.66261554048,0.20838457929625
2026-03-24,2026,3,24,4826.13,22.5570833333333,1277.7645751668,1.2777645751668,215.87626935,0.147889418422083,1561.7122585372,1.5617122585372,263.84877365,0.147889418422083,2420.65400073266,2.42065400073266,408.9655991575,0.147889418422083
2026-03-25,2026,3,25,5262.66,22.6616666666667,1394.32530474,1.39432530474,213.0597630396,0.161380243604167,1704.17537246,1.70417537246,260.4063770484,0.161380243604167,2641.471827313,2.641471827313,403.62988442502,0.161380243604167
2026-03-26,2026,3,26,4640.24,21.1429166666667,1253.3338322856,1.2533338322856,169.934297958,0.145061786144167,1531.8524616824,1.5318524616824,207.697475282,0.145061786144167,2374.37131560772,2.37437131560772,321.9310866871,0.145061786144167
2026-03-27,2026,3,27,6216.2,22.2304166666667,1630.38055536,1.63038055536,229.17855375,0.188701453166667,1992.68734544,1.99268734544,280.10712125,0.188701453166667,3088.665385432,3.088665385432,434.1660379375,0.188701453166667
2026-03-28,2026,3,28,6653.55,21.48375,1738.459721538,1.738459721538,228.2960840688,0.20121061591875,2124.784104102,2.124784104102,279.0285471952,0.20121061591875,3293.4153613581,3.2934153613581,432.49424815256,0.20121061591875
2026-03-29,2026,3,29,6702.63,21.7095833333333,1746.2408350572,1.7462408350572,242.2614744,0.20211120776125,2134.2943539588,2.1342943539588,296.0973576,0.20211120776125,3308.15624863614,3.30815624863614,458.95090428,0.20211120776125
2026-03-30,2026,3,30,6479.41,21.3904166666667,1689.9306497676,1.6899306497676,241.1935136496,0.195593825204583,2065.4707941604,2.0654707941604,294.7920722384,0.195593825204583,3201.47973094862,3.20147973094862,456.92771196952,0.195593825204583
2026-03-31,2026,3,31,5786,21.8483333333333,1520.7587101008,1.5207587101008,213.5887572348,0.176013739595,1858.7050901232,1.8587050901232,261.0529255092,0.176013739595,2880.99288969096,2.88099288969096,404.63203453926,0.176013739595
2026-04-01,2026,4,1,5119.998,22.6766666666667,1369.29174332796,1.36929174332796,176.193208681884,0.158482840662958,1673.57879740084,1.67357879740084,215.347255055636,0.158482840662958,2594.0471359713,2.5940471359713,333.788245336236,0.158482840662958
2026-04-02,2026,4,2,5120.001,22.0179166666667,1370.84784153412,1.37084784153412,176.0648791932,0.158662944622004,1675.48069520836,1.67548069520836,215.1904079028,0.158662944622004,2596.99507757296,2.59699507757296,333.54513224934,0.158662944622004
2026-04-03,2026,4,3,5120,22.4095833333333,1368.53806919198,1.36853806919198,176.162128104816,0.158395609860183,1672.65764012354,1.67265764012354,215.309267683664,0.158395609860183,2592.61934219148,2.59261934219148,333.729364909679,0.158395609860183
2026-04-04,2026,4,4,5120,22.8316666666667,1365.02391917081,1.36502391917081,176.127217816176,0.157988879533658,1668.36256787543,1.66836256787543,215.266599553104,0.157988879533658,2585.96198020692,2.58596198020692,333.663229307311,0.157988879533658
2026-04-05,2026,4,5,5120.001,22.7779166666667,1366.76354495742,1.36676354495742,176.858231546736,0.158190225110813,1670.48877717018,1.67048877717018,216.160060779344,0.158190225110813,2589.25760461378,2.58925760461378,335.048094207983,0.158190225110813
2026-04-06,2026,4,6,5120.001,22.8495833333333,1364.95656202986,1.36495656202986,176.597458309404,0.157981083568271,1668.28024248094,1.66828024248094,215.841337933716,0.157981083568271,2585.83437584546,2.58583437584546,334.55407379726,0.157981083568271
2026-04-07,2026,4,7,5119.999,22.9620833333333,1367.05778400704,1.36705778400704,177.291787338864,0.158224280556371,1670.84840267528,1.67084840267528,216.689962303056,0.158224280556371,2589.81502414668,2.58981502414668,335.869441569737,0.158224280556371
2026-04-08,2026,4,8,5120,22.8970833333333,1362.7541566237,1.3627541566237,176.952092744304,0.15772617553515,1665.58841365118,1.66558841365118,216.274780020816,0.15772617553515,2581.66204115934,2.58166204115934,335.225909032265,0.15772617553515
2026-04-09,2026,4,9,5120.001,22.6491666666667,1362.4894668537,1.3624894668537,177.169188441024,0.157695540145104,1665.2649039323,1.6652649039323,216.540119205696,0.157695540145104,2581.16060109507,2.58116060109507,335.637184768829,0.157695540145104
2026-04-10,2026,4,10,5120,22.7704166666667,1360.99191846672,1.36099191846672,177.1974910935,0.1575222127855,1663.43456701488,1.66343456701488,216.5747113365,0.1575222127855,2578.32357887306,2.57832357887306,335.690802571575,0.1575222127855
2026-04-11,2026,4,11,5119.999,23.27,1357.50860145126,1.35750860145126,176.855108054976,0.157119051093896,1659.17717955154,1.65917717955154,216.156243178304,0.157119051093896,2571.72462830489,2.57172462830489,335.042176926371,0.157119051093896
2026-04-12,2026,4,12,5120,23.1133333333333,1362.34781849592,1.36234781849592,177.719032177776,0.15767914565925,1665.09177816168,1.66509177816168,217.212150439504,0.15767914565925,2580.8922561506,2.5808922561506,336.678833181231,0.15767914565925
2026-04-13,2026,4,13,5120.001,21.0754166666667,1379.32293541324,1.37932293541324,180.521844584796,0.159643858265421,1685.83914328284,1.68583914328284,220.637810048084,0.159643858265421,2613.05067208841,2.61305067208841,341.98860557453,0.159643858265421
2026-04-14,2026,4,14,5120.001,21.5395833333333,1365.87070009984,1.36587070009984,178.787596165056,0.158086886585629,1669.39752234424,1.66939752234424,218.518173090624,0.158086886585629,2587.56615963358,2.58756615963358,338.703168290467,0.158086886585629
2026-04-15,2026,4,15,5120.001,22.0379166666667,1366.95127007408,1.36695127007408,179.227934684316,0.158211952554871,1670.71821897944,1.67071821897944,219.056364614164,0.158211952554871,2589.61323941813,2.58961323941813,339.537365151954,0.158211952554871
2026-04-16,2026,4,16,5120.002,21.7383333333333,1367.78049791388,1.36778049791388,179.612981709084,0.158307927999292,1671.73171967252,1.67173171967252,219.526977644436,0.158307927999292,2591.18416549241,2.59118416549241,340.266815348876,0.158307927999292
2026-04-17,2026,4,17,5120,22.1941666666667,1364.28634192651,1.36428634192651,179.409746118384,0.15790351179705,1667.46108457685,1.66746108457685,219.278578589136,0.15790351179705,2584.56468109412,2.58456468109411,339.881796813161,0.15790351179705
2026-04-18,2026,4,18,5119.999,22.56625,1359.82528262838,1.35982528262838,178.9100847135,0.157387185489396,1662.00867876802,1.66200867876802,218.6678813165,0.157387185489396,2576.11345209043,2.57611345209043,338.935216040575,0.157387185489396
2026-04-19,2026,4,19,5120,22.2933333333333,1355.26763577902,1.35526763577902,178.5675055167,0.156859680067017,1656.4382215077,1.6564382215077,218.2491734093,0.156859680067017,2567.47924333693,2.56747924333693,338.286218784415,0.156859680067017
2026-04-20,2026,4,20,5119.999,22.6716666666667,1354.19556898804,1.35419556898804,178.701658248816,0.156735598262504,1655.12791765204,1.65512791765204,218.413137859664,0.156735598262504,2565.44827236067,2.56544827236067,338.540363682479,0.156735598262504
2026-04-21,2026,4,21,5120.001,22.8825,1354.98140885459,1.35498140885459,179.002940419836,0.156826551950763,1656.08838860005,1.65608838860005,218.781371624244,0.156826551950763,2566.93700233008,2.56693700233008,339.111126017578,0.156826551950763
2026-04-22,2026,4,22,5120.001,23.19875,1355.1209016746,1.3551209016746,179.215566462684,0.156842696953079,1656.25887982452,1.65625887982452,219.041247898836,0.156842696953079,2567.201263728,2.567201263728,339.513934243196,0.156842696953079
2026-04-23,2026,4,23,5120.001,23.1558333333333,1355.35126103845,1.35535126103845,179.398481096304,0.156869358916488,1656.54043015811,1.65654043015811,219.264810228816,0.156869358916488,2567.63766674507,2.56763766674507,339.860455854665,0.156869358916488
2026-04-24,2026,4,24,5119.999,22.14625,1357.46187480284,1.35746187480284,179.881207235964,0.157113642916996,1659.12006920348,1.65912006920348,219.854808843956,0.157113642916996,2571.63610726539,2.57163610726539,340.774953708132,0.157113642916996
2026-04-25,2026,4,25,5120,21.9745833333333,1353.11977483301,1.35311977483301,179.440323377904,0.156611085050117,1653.81305812923,1.65381305812923,219.315950795216,0.156611085050117,2563.41024010031,2.56341024010031,339.939723732585,0.156611085050117
2026-04-26,2026,4,26,5119.999,22.1745833333333,1352.16374130061,1.35216374130061,179.5042998567,0.156500433020904,1652.64457270075,1.65264457270075,219.3941442693,0.156500433020904,2561.59908768616,2.56159908768616,340.060923617415,0.156500433020904
2026-04-27,2026,4,27,5120,23.3491666666667,1348.71135208488,1.34871135208488,179.342229339504,0.15610085093575,1648.42498588152,1.64842498588152,219.196058081616,0.15610085093575,2555.05872811636,2.55505872811636,339.753890026505,0.15610085093575
2026-04-28,2026,4,28,5119.999,23.8720833333333,1347.7508370806,1.3477508370806,179.0821197936,0.155989680217663,1647.25102309852,1.64725102309852,218.8781464144,0.155989680217663,2553.2390858027,2.5532390858027,339.26112694232,0.155989680217663
2026-04-29,2026,4,29,5120,22.9483333333333,1348.64549082979,1.34864549082979,179.312614850304,0.1560932281053,1648.34448879197,1.64834448879197,219.159862594816,0.1560932281053,2554.93395762755,2.55493395762755,339.697787021965,0.1560932281053
2026-04-30,2026,4,30,5119.998,22.1725,1353.12023666023,1.35312023666023,180.2690159823,0.156611138502342,1653.81362258473,1.65381362258473,220.3287973117,0.156611138502342,2563.41111500633,2.56341111500633,341.509635833135,0.156611138502342
2026-05-01,2026,5,1,5024,22.1116666666667,1329.72449824829,1.32972449824829,177.281701335324,0.153903298408367,1625.21883119235,1.62521883119235,216.677634965396,0.153903298408367,2519.08918834815,2.51908918834815,335.850334196364,0.153903298408367
2026-05-02,2026,5,2,5024,23.0258333333333,1331.77005355601,1.33177005355601,178.157754979776,0.154140052494908,1627.71895434623,1.62771895434623,217.748367197504,0.154140052494908,2522.96437923666,2.52296437923666,337.509969156131,0.154140052494908
2026-05-03,2026,5,3,5023.999,23.0854166666667,1333.90452257204,1.33390452257204,178.287524961084,0.154387097519913,1630.32774981028,1.63032774981028,217.906974952436,0.154387097519913,2527.00801220593,2.52700801220593,337.755811176276,0.154387097519912
2026-05-04,2026,5,4,5024,22.4870833333333,1336.23331314458,1.33623331314458,178.782035690736,0.154656633465808,1633.17404939894,1.63317404939894,218.511376955344,0.154656633465808,2531.41977656835,2.53141977656835,338.692634280783,0.154656633465808
2026-05-05,2026,5,5,5024,22.2320833333333,1339.36684914737,1.33936684914737,179.188444998,0.155019311243908,1637.00392673567,1.63700392673567,219.008099442,0.155019311243908,2537.35608644029,2.53735608644029,339.4625541351,0.155019311243908
2026-05-06,2026,5,6,5024.001,21.9233333333333,1338.03416674379,1.33803416674379,179.243623730556,0.154865065595346,1635.37509268685,1.63537509268685,219.075540115124,0.154865065595346,2534.83139366462,2.53483139366462,339.567087178442,0.154865065595346
2026-05-07,2026,5,7,5024.001,23.0308333333333,1333.50448647863,1.33350448647863,179.1058300092,0.154340797046138,1629.83881680721,1.62983881680721,218.9071255668,0.154340797046137,2526.25016605118,2.52625016605118,339.30604462854,0.154340797046138
2026-05-08,2026,5,8,5024,23.6283333333333,1331.43048154087,1.33143048154087,179.030156676336,0.154100750178342,1627.30392188329,1.62730392188329,218.814635937744,0.154100750178342,2522.3210789191,2.5223210789191,339.162685703503,0.154100750178342
2026-05-09,2026,5,9,5023.998,23.72125,1328.50357698384,1.32850357698384,178.728988902336,0.153761988076833,1623.72659409136,1.62372659409136,218.446541991744,0.153761988076833,2516.77622084161,2.51677622084161,338.592140087203,0.153761988076833
2026-05-10,2026,5,10,5024.002,23.21125,1333.35515179822,1.33335515179822,179.081180280576,0.154323512939608,1629.65629664226,1.62965629664226,218.876998120704,0.154323512939608,2525.96725979551,2.52596725979551,339.259347087091,0.154323512939608
2026-05-11,2026,5,11,5024.001,20.52875,1344.62381491876,1.34462381491876,180.6161482224,0.155627756356338,1643.42910712292,1.64342910712292,220.7530700496,0.155627756356338,2547.31511604053,2.54731511604053,342.16725857688,0.155627756356338
2026-05-12,2026,5,12,5024,21.955,1332.90281151158,1.33290281151158,179.725392759024,0.154271158739767,1629.10343629194,1.62910343629194,219.664368927696,0.154271158739767,2525.1103262525,2.5251103262525,340.479771837929,0.154271158739767
2026-05-13,2026,5,13,5023.999,22.89,1334.73640946994,1.33473640946994,180.370005433344,0.154483380725688,1631.34450046326,1.63134450046326,220.452228862976,0.154483380725688,2528.58397571805,2.52858397571805,341.700954737613,0.154483380725687
2026-05-14,2026,5,14,5023.998,23.9541666666667,1327.60967944615,1.32760967944615,179.400788478396,0.153658527713675,1622.63405265641,1.62263405265641,219.267630362484,0.153658527713675,2515.08278161743,2.51508278161743,339.86482706185,0.153658527713675
2026-05-15,2026,5,15,5024.001,23.8808333333333,1329.114279523,1.329114279523,179.9054638407,0.153832671241088,1624.47300830588,1.62447300830588,219.8844558053,0.153832671241088,2517.93316287412,2.51793316287412,340.820906498215,0.153832671241088
2026-05-16,2026,5,16,5024,23.7908333333333,1329.8851175814,1.3298851175814,180.272018313216,0.153921888608958,1625.4151437106,1.6254151437106,220.332466827264,0.153921888608958,2519.39347275143,2.51939347275143,341.515323582259,0.153921888608958
2026-05-17,2026,5,17,5024,22.9535416666667,1333.3776055393,1.3333776055393,180.472529531196,0.154326111752233,1629.68374010358,1.62968374010358,220.577536093684,0.154326111752233,2526.00979716056,2.52600979716056,341.89518094521,0.154326111752233
2026-05-18,2026,5,18,5024,22.9535416666667,1333.29275646631,1.33329275646631,180.60180845382,0.154316291257675,1629.58003568105,1.62958003568105,220.73554366578,0.154316291257675,2525.84905530562,2.52584905530562,342.140092681959,0.154316291257675
2026-05-19,2026,5,19,5024,22.9535416666667,1333.20920362351,1.33320920362351,180.728732318652,0.154306620789758,1629.47791553985,1.62947791553985,220.890672833908,0.154306620789758,2525.69076908676,2.52569076908676,342.380542892557,0.154306620789758
2026-05-20,2026,5,20,5023.999,24.1858333333333,1324.44800950684,1.32444800950684,179.429450837616,0.153292593692921,1618.76978939724,1.61876978939724,219.302662134864,0.153292593692921,2509.09317356573,2.50909317356573,339.919126309039,0.153292593692921
2026-05-21,2026,5,21,5024.001,23.8175,1330.96162411141,1.33096162411141,180.7039923975,0.154046484272154,1626.73087391395,1.62673087391395,220.8604351525,0.154046484272154,2521.43285456662,2.52143285456662,342.333674486375,0.154046484272154
2026-05-22,2026,5,22,5024,23.6608333333333,1334.58904328774,1.33458904328774,181.331570487744,0.1544663244546,1631.16438624058,1.63116438624058,221.627475040576,0.1544663244546,2528.30479867289,2.52830479867289,343.522586312893,0.1544663244546
2026-05-23,2026,5,23,5024,21.85125,1341.04966606987,1.34104966606987,182.102715915264,0.15521408172105,1639.06070297429,1.63906070297429,222.569986118656,0.15521408172105,2540.54408961015,2.54054408961015,344.983478483917,0.15521408172105
2026-05-24,2026,5,24,5024,22.63875,1336.08640380199,1.33608640380199,181.529917081344,0.154639630069675,1632.99449353577,1.63299449353577,221.869898654976,0.154639630069675,2531.14146498044,2.53114146498044,343.898342915213,0.154639630069675
2026-05-25,2026,5,25,5024,23.1420833333333,1332.91548305698,1.33291548305698,181.511335951164,0.154272625353817,1629.1189237363,1.6291189237363,221.847188384756,0.154272625353817,2525.13433179127,2.52513433179127,343.863141996372,0.154272625353817
2026-05-26,2026,5,26,5024,23.27375,1331.02446609427,1.33102446609427,180.923092830576,0.1540537576498,1626.80768078189,1.62680768078189,221.128224570704,0.1540537576498,2521.55190521193,2.52155190521193,342.748748084591,0.1540537576498
2026-05-27,2026,5,27,5023.999,22.7575,1329.72761631719,1.32972761631719,180.994924378044,0.153903659295971,1625.22264216545,1.62522264216545,221.216018684276,0.153903659295971,2519.09509535645,2.51909509535645,342.884828960628,0.153903659295971
2026-05-28,2026,5,28,5024.001,23.4304166666667,1330.73248802598,1.33073248802598,182.141722452636,0.154019963891896,1626.45081869842,1.62645081869842,222.617660775444,0.154019963891896,2520.99876898255,2.52099876898255,345.057374201938,0.154019963891896
2026-05-29,2026,5,29,5024.002,22.65,1337.30017562988,1.33730017562988,182.735004630204,0.154780112920125,1634.47799243652,1.63447799243652,223.342783436916,0.154780112920125,2533.44088827661,2.53344088827661,346.18131432722,0.154780112920125
